ISO-10303-21;
HEADER;
FILE_DESCRIPTION(('Open CASCADE Model'),'2;1');
FILE_NAME('Open CASCADE Shape Model','2026-06-30T01:07:53',('Author'),(
    'Open CASCADE'),'Open CASCADE STEP processor 7.8','Open CASCADE 7.8'
  ,'Unknown');
FILE_SCHEMA(('AUTOMOTIVE_DESIGN { 1 0 10303 214 1 1 1 1 }'));
ENDSEC;
DATA;
#1 = APPLICATION_PROTOCOL_DEFINITION('international standard',
  'automotive_design',2000,#2);
#2 = APPLICATION_CONTEXT(
  'core data for automotive mechanical design processes');
#3 = SHAPE_DEFINITION_REPRESENTATION(#4,#10);
#4 = PRODUCT_DEFINITION_SHAPE('','',#5);
#5 = PRODUCT_DEFINITION('design','',#6,#9);
#6 = PRODUCT_DEFINITION_FORMATION('','',#7);
#7 = PRODUCT('Open CASCADE STEP translator 7.8 1',
  'Open CASCADE STEP translator 7.8 1','',(#8));
#8 = PRODUCT_CONTEXT('',#2,'mechanical');
#9 = PRODUCT_DEFINITION_CONTEXT('part definition',#2,'design');
#10 = ADVANCED_BREP_SHAPE_REPRESENTATION('',(#11,#15),#3701);
#11 = AXIS2_PLACEMENT_3D('',#12,#13,#14);
#12 = CARTESIAN_POINT('',(0.,0.,0.));
#13 = DIRECTION('',(0.,0.,1.));
#14 = DIRECTION('',(1.,0.,-0.));
#15 = MANIFOLD_SOLID_BREP('',#16);
#16 = CLOSED_SHELL('',(#17,#137,#694,#775,#985,#1059,#1176,#1219,#1428,
    #1509,#1562,#1592,#1825,#1855,#2145,#2221,#2274,#2327,#2401,#2451,
    #2484,#2517,#2591,#2598,#2629,#2710,#2779,#2806,#2833,#2864,#2918,
    #2973,#3030,#3083,#3159,#3191,#3260,#3325,#3352,#3379,#3450,#3456,
    #3462,#3494,#3500,#3525,#3552,#3558,#3584,#3609,#3637,#3662,#3687,
    #3694));
#17 = ADVANCED_FACE('',(#18),#32,.F.);
#18 = FACE_BOUND('',#19,.F.);
#19 = EDGE_LOOP('',(#20,#55,#83,#111));
#20 = ORIENTED_EDGE('',*,*,#21,.T.);
#21 = EDGE_CURVE('',#22,#24,#26,.T.);
#22 = VERTEX_POINT('',#23);
#23 = CARTESIAN_POINT('',(-2.22044604925E-16,2.,1.5));
#24 = VERTEX_POINT('',#25);
#25 = CARTESIAN_POINT('',(-2.22044604925E-16,2.,3.5));
#26 = SURFACE_CURVE('',#27,(#31,#43),.PCURVE_S1.);
#27 = LINE('',#28,#29);
#28 = CARTESIAN_POINT('',(0.,2.,0.));
#29 = VECTOR('',#30,1.);
#30 = DIRECTION('',(0.,0.,1.));
#31 = PCURVE('',#32,#37);
#32 = PLANE('',#33);
#33 = AXIS2_PLACEMENT_3D('',#34,#35,#36);
#34 = CARTESIAN_POINT('',(0.,0.,0.));
#35 = DIRECTION('',(1.,0.,-0.));
#36 = DIRECTION('',(0.,0.,1.));
#37 = DEFINITIONAL_REPRESENTATION('',(#38),#42);
#38 = LINE('',#39,#40);
#39 = CARTESIAN_POINT('',(0.,-2.));
#40 = VECTOR('',#41,1.);
#41 = DIRECTION('',(1.,0.));
#42 = ( GEOMETRIC_REPRESENTATION_CONTEXT(2) 
PARAMETRIC_REPRESENTATION_CONTEXT() REPRESENTATION_CONTEXT('2D SPACE',''
  ) );
#43 = PCURVE('',#44,#49);
#44 = PLANE('',#45);
#45 = AXIS2_PLACEMENT_3D('',#46,#47,#48);
#46 = CARTESIAN_POINT('',(0.,0.,0.));
#47 = DIRECTION('',(1.,0.,-0.));
#48 = DIRECTION('',(0.,0.,1.));
#49 = DEFINITIONAL_REPRESENTATION('',(#50),#54);
#50 = LINE('',#51,#52);
#51 = CARTESIAN_POINT('',(0.,-2.));
#52 = VECTOR('',#53,1.);
#53 = DIRECTION('',(1.,0.));
#54 = ( GEOMETRIC_REPRESENTATION_CONTEXT(2) 
PARAMETRIC_REPRESENTATION_CONTEXT() REPRESENTATION_CONTEXT('2D SPACE',''
  ) );
#55 = ORIENTED_EDGE('',*,*,#56,.F.);
#56 = EDGE_CURVE('',#57,#24,#59,.T.);
#57 = VERTEX_POINT('',#58);
#58 = CARTESIAN_POINT('',(-2.22044604925E-16,1.5,3.5));
#59 = SURFACE_CURVE('',#60,(#64,#71),.PCURVE_S1.);
#60 = LINE('',#61,#62);
#61 = CARTESIAN_POINT('',(-2.22044604925E-16,0.,3.5));
#62 = VECTOR('',#63,1.);
#63 = DIRECTION('',(-0.,1.,0.));
#64 = PCURVE('',#32,#65);
#65 = DEFINITIONAL_REPRESENTATION('',(#66),#70);
#66 = LINE('',#67,#68);
#67 = CARTESIAN_POINT('',(3.5,0.));
#68 = VECTOR('',#69,1.);
#69 = DIRECTION('',(0.,-1.));
#70 = ( GEOMETRIC_REPRESENTATION_CONTEXT(2) 
PARAMETRIC_REPRESENTATION_CONTEXT() REPRESENTATION_CONTEXT('2D SPACE',''
  ) );
#71 = PCURVE('',#72,#77);
#72 = CYLINDRICAL_SURFACE('',#73,1.5);
#73 = AXIS2_PLACEMENT_3D('',#74,#75,#76);
#74 = CARTESIAN_POINT('',(1.5,0.,3.5));
#75 = DIRECTION('',(-0.,1.,0.));
#76 = DIRECTION('',(-1.,-0.,0.));
#77 = DEFINITIONAL_REPRESENTATION('',(#78),#82);
#78 = LINE('',#79,#80);
#79 = CARTESIAN_POINT('',(0.,0.));
#80 = VECTOR('',#81,1.);
#81 = DIRECTION('',(0.,1.));
#82 = ( GEOMETRIC_REPRESENTATION_CONTEXT(2) 
PARAMETRIC_REPRESENTATION_CONTEXT() REPRESENTATION_CONTEXT('2D SPACE',''
  ) );
#83 = ORIENTED_EDGE('',*,*,#84,.F.);
#84 = EDGE_CURVE('',#85,#57,#87,.T.);
#85 = VERTEX_POINT('',#86);
#86 = CARTESIAN_POINT('',(-2.22044604925E-16,1.5,1.5));
#87 = SURFACE_CURVE('',#88,(#92,#99),.PCURVE_S1.);
#88 = LINE('',#89,#90);
#89 = CARTESIAN_POINT('',(-2.22044604925E-16,1.5,0.));
#90 = VECTOR('',#91,1.);
#91 = DIRECTION('',(0.,0.,1.));
#92 = PCURVE('',#32,#93);
#93 = DEFINITIONAL_REPRESENTATION('',(#94),#98);
#94 = LINE('',#95,#96);
#95 = CARTESIAN_POINT('',(0.,-1.5));
#96 = VECTOR('',#97,1.);
#97 = DIRECTION('',(1.,0.));
#98 = ( GEOMETRIC_REPRESENTATION_CONTEXT(2) 
PARAMETRIC_REPRESENTATION_CONTEXT() REPRESENTATION_CONTEXT('2D SPACE',''
  ) );
#99 = PCURVE('',#100,#105);
#100 = CYLINDRICAL_SURFACE('',#101,1.5);
#101 = AXIS2_PLACEMENT_3D('',#102,#103,#104);
#102 = CARTESIAN_POINT('',(1.5,1.5,0.));
#103 = DIRECTION('',(0.,0.,1.));
#104 = DIRECTION('',(-1.,-0.,0.));
#105 = DEFINITIONAL_REPRESENTATION('',(#106),#110);
#106 = LINE('',#107,#108);
#107 = CARTESIAN_POINT('',(0.,0.));
#108 = VECTOR('',#109,1.);
#109 = DIRECTION('',(0.,1.));
#110 = ( GEOMETRIC_REPRESENTATION_CONTEXT(2) 
PARAMETRIC_REPRESENTATION_CONTEXT() REPRESENTATION_CONTEXT('2D SPACE',''
  ) );
#111 = ORIENTED_EDGE('',*,*,#112,.T.);
#112 = EDGE_CURVE('',#85,#22,#113,.T.);
#113 = SURFACE_CURVE('',#114,(#118,#125),.PCURVE_S1.);
#114 = LINE('',#115,#116);
#115 = CARTESIAN_POINT('',(-2.22044604925E-16,0.,1.5));
#116 = VECTOR('',#117,1.);
#117 = DIRECTION('',(-0.,1.,0.));
#118 = PCURVE('',#32,#119);
#119 = DEFINITIONAL_REPRESENTATION('',(#120),#124);
#120 = LINE('',#121,#122);
#121 = CARTESIAN_POINT('',(1.5,0.));
#122 = VECTOR('',#123,1.);
#123 = DIRECTION('',(0.,-1.));
#124 = ( GEOMETRIC_REPRESENTATION_CONTEXT(2) 
PARAMETRIC_REPRESENTATION_CONTEXT() REPRESENTATION_CONTEXT('2D SPACE',''
  ) );
#125 = PCURVE('',#126,#131);
#126 = CYLINDRICAL_SURFACE('',#127,1.5);
#127 = AXIS2_PLACEMENT_3D('',#128,#129,#130);
#128 = CARTESIAN_POINT('',(1.5,0.,1.5));
#129 = DIRECTION('',(-0.,1.,0.));
#130 = DIRECTION('',(-1.,-0.,0.));
#131 = DEFINITIONAL_REPRESENTATION('',(#132),#136);
#132 = LINE('',#133,#134);
#133 = CARTESIAN_POINT('',(-0.,0.));
#134 = VECTOR('',#135,1.);
#135 = DIRECTION('',(-0.,1.));
#136 = ( GEOMETRIC_REPRESENTATION_CONTEXT(2) 
PARAMETRIC_REPRESENTATION_CONTEXT() REPRESENTATION_CONTEXT('2D SPACE',''
  ) );
#137 = ADVANCED_FACE('',(#138),#44,.F.);
#138 = FACE_BOUND('',#139,.F.);
#139 = EDGE_LOOP('',(#140,#170,#292,#293,#321,#349));
#140 = ORIENTED_EDGE('',*,*,#141,.F.);
#141 = EDGE_CURVE('',#142,#144,#146,.T.);
#142 = VERTEX_POINT('',#143);
#143 = CARTESIAN_POINT('',(-2.22044604925E-16,3.5,5.));
#144 = VERTEX_POINT('',#145);
#145 = CARTESIAN_POINT('',(0.,30.5,5.));
#146 = SURFACE_CURVE('',#147,(#151,#158),.PCURVE_S1.);
#147 = LINE('',#148,#149);
#148 = CARTESIAN_POINT('',(0.,0.,5.));
#149 = VECTOR('',#150,1.);
#150 = DIRECTION('',(-0.,1.,0.));
#151 = PCURVE('',#44,#152);
#152 = DEFINITIONAL_REPRESENTATION('',(#153),#157);
#153 = LINE('',#154,#155);
#154 = CARTESIAN_POINT('',(5.,0.));
#155 = VECTOR('',#156,1.);
#156 = DIRECTION('',(0.,-1.));
#157 = ( GEOMETRIC_REPRESENTATION_CONTEXT(2) 
PARAMETRIC_REPRESENTATION_CONTEXT() REPRESENTATION_CONTEXT('2D SPACE',''
  ) );
#158 = PCURVE('',#159,#164);
#159 = PLANE('',#160);
#160 = AXIS2_PLACEMENT_3D('',#161,#162,#163);
#161 = CARTESIAN_POINT('',(0.,2.,0.));
#162 = DIRECTION('',(1.,0.,-0.));
#163 = DIRECTION('',(0.,0.,1.));
#164 = DEFINITIONAL_REPRESENTATION('',(#165),#169);
#165 = LINE('',#166,#167);
#166 = CARTESIAN_POINT('',(5.,2.));
#167 = VECTOR('',#168,1.);
#168 = DIRECTION('',(0.,-1.));
#169 = ( GEOMETRIC_REPRESENTATION_CONTEXT(2) 
PARAMETRIC_REPRESENTATION_CONTEXT() REPRESENTATION_CONTEXT('2D SPACE',''
  ) );
#170 = ORIENTED_EDGE('',*,*,#171,.T.);
#171 = EDGE_CURVE('',#142,#24,#172,.T.);
#172 = SURFACE_CURVE('',#173,(#184,#198),.PCURVE_S1.);
#173 = B_SPLINE_CURVE_WITH_KNOTS('',9,(#174,#175,#176,#177,#178,#179,
    #180,#181,#182,#183),.UNSPECIFIED.,.F.,.F.,(10,10),(0.,1.),
  .PIECEWISE_BEZIER_KNOTS.);
#174 = CARTESIAN_POINT('',(0.,3.5,5.));
#175 = CARTESIAN_POINT('',(0.,3.236876082483,5.));
#176 = CARTESIAN_POINT('',(0.,2.973749291346,4.954041478406));
#177 = CARTESIAN_POINT('',(0.,2.719813881883,4.857509655282));
#178 = CARTESIAN_POINT('',(0.,2.487381373792,4.709158396008));
#179 = CARTESIAN_POINT('',(0.,2.290841603992,4.512618626208));
#180 = CARTESIAN_POINT('',(0.,2.142490344718,4.280186118117));
#181 = CARTESIAN_POINT('',(0.,2.045958521594,4.026250708654));
#182 = CARTESIAN_POINT('',(0.,2.,3.763123917517));
#183 = CARTESIAN_POINT('',(0.,2.,3.5));
#184 = PCURVE('',#44,#185);
#185 = DEFINITIONAL_REPRESENTATION('',(#186),#197);
#186 = B_SPLINE_CURVE_WITH_KNOTS('',9,(#187,#188,#189,#190,#191,#192,
    #193,#194,#195,#196),.UNSPECIFIED.,.F.,.F.,(10,10),(0.,1.),
  .PIECEWISE_BEZIER_KNOTS.);
#187 = CARTESIAN_POINT('',(5.,-3.5));
#188 = CARTESIAN_POINT('',(5.,-3.236876082483));
#189 = CARTESIAN_POINT('',(4.954041478406,-2.973749291346));
#190 = CARTESIAN_POINT('',(4.857509655282,-2.719813881883));
#191 = CARTESIAN_POINT('',(4.709158396008,-2.487381373792));
#192 = CARTESIAN_POINT('',(4.512618626208,-2.290841603992));
#193 = CARTESIAN_POINT('',(4.280186118117,-2.142490344718));
#194 = CARTESIAN_POINT('',(4.026250708654,-2.045958521594));
#195 = CARTESIAN_POINT('',(3.763123917517,-2.));
#196 = CARTESIAN_POINT('',(3.5,-2.));
#197 = ( GEOMETRIC_REPRESENTATION_CONTEXT(2) 
PARAMETRIC_REPRESENTATION_CONTEXT() REPRESENTATION_CONTEXT('2D SPACE',''
  ) );
#198 = PCURVE('',#199,#281);
#199 = B_SPLINE_SURFACE_WITH_KNOTS('',8,8,(
    (#200,#201,#202,#203,#204,#205,#206,#207,#208)
    ,(#209,#210,#211,#212,#213,#214,#215,#216,#217)
    ,(#218,#219,#220,#221,#222,#223,#224,#225,#226)
    ,(#227,#228,#229,#230,#231,#232,#233,#234,#235)
    ,(#236,#237,#238,#239,#240,#241,#242,#243,#244)
    ,(#245,#246,#247,#248,#249,#250,#251,#252,#253)
    ,(#254,#255,#256,#257,#258,#259,#260,#261,#262)
    ,(#263,#264,#265,#266,#267,#268,#269,#270,#271)
    ,(#272,#273,#274,#275,#276,#277,#278,#279,#280
  )),.UNSPECIFIED.,.F.,.F.,.F.,(9,9),(9,9),(-1.109763702137,
    1.109763702137),(-0.640850292786,1.358033150108),
  .PIECEWISE_BEZIER_KNOTS.);
#200 = CARTESIAN_POINT('',(2.184562836263E-02,0.65932989497,
    3.482267981196));
#201 = CARTESIAN_POINT('',(-1.004572267778E-02,16.056478520374,
    3.626646741199));
#202 = CARTESIAN_POINT('',(-0.412894112997,5.155944545614,3.340907170174
    ));
#203 = CARTESIAN_POINT('',(-1.243625369494,32.181743389599,
    5.691910569062));
#204 = CARTESIAN_POINT('',(-4.694138545738,18.687245278243,
    2.144937540014));
#205 = CARTESIAN_POINT('',(-7.633410115144,43.464991192687,
    4.558720435896));
#206 = CARTESIAN_POINT('',(-12.83227442985,53.268736392091,
    4.307676623137));
#207 = CARTESIAN_POINT('',(-18.58770859104,62.186213975412,
    5.131868834405));
#208 = CARTESIAN_POINT('',(-24.36897844331,65.816183294992,
    5.851253702481));
#209 = CARTESIAN_POINT('',(4.932250861695E-02,2.903154505637,
    3.827134420946));
#210 = CARTESIAN_POINT('',(0.275511615086,12.440297281859,3.866583427965
    ));
#211 = CARTESIAN_POINT('',(0.434624282457,-12.30507245564,3.561912619811
    ));
#212 = CARTESIAN_POINT('',(1.005248207742,16.327076570193,6.305675310272
    ));
#213 = CARTESIAN_POINT('',(-2.355867886804,10.536075445417,
    1.447834286965));
#214 = CARTESIAN_POINT('',(-3.344257104947,17.22358438287,4.673987823644
    ));
#215 = CARTESIAN_POINT('',(-7.539567845004,35.773184581799,4.10409972827
    ));
#216 = CARTESIAN_POINT('',(-12.37193254629,41.519230268079,
    4.904265817254));
#217 = CARTESIAN_POINT('',(-17.10708774994,43.385034840952,
    5.517071981002));
#218 = CARTESIAN_POINT('',(-0.23151642019,-19.17906100349,3.741110818644
    ));
#219 = CARTESIAN_POINT('',(-0.670113759931,-29.12955437369,3.72318942146
    ));
#220 = CARTESIAN_POINT('',(7.373219200102,21.709331736774,8.816788622967
    ));
#221 = CARTESIAN_POINT('',(-18.33798851975,-56.6779357759,
    -3.748905982065));
#222 = CARTESIAN_POINT('',(25.427754819387,30.217611897585,
    12.546980902007));
#223 = CARTESIAN_POINT('',(-8.888625894132,12.188009611147,
    -1.646465720994));
#224 = CARTESIAN_POINT('',(-3.963992210513,13.536523762624,
    5.745554458532));
#225 = CARTESIAN_POINT('',(-4.969527747648,13.786628634846,4.76615760345
    ));
#226 = CARTESIAN_POINT('',(-9.212431404879,16.684817371676,
    5.174442371505));
#227 = CARTESIAN_POINT('',(0.51554501246,37.368201074958,5.176927690287)
  );
#228 = CARTESIAN_POINT('',(0.503110655715,55.848950444044,4.796654092744
    ));
#229 = CARTESIAN_POINT('',(-23.98558064747,-68.55145158287,
    -9.753155388054));
#230 = CARTESIAN_POINT('',(71.893998339121,152.64203165027,
    33.654946684951));
#231 = CARTESIAN_POINT('',(-79.01094583363,-89.34534561852,
    -29.85189966764));
#232 = CARTESIAN_POINT('',(22.758590949433,-83.95799501361,
    17.989785947775));
#233 = CARTESIAN_POINT('',(2.019052985912,27.446340478598,2.645696022713
    ));
#234 = CARTESIAN_POINT('',(-6.281331429555,55.561793222704,
    5.221266179052));
#235 = CARTESIAN_POINT('',(-6.48568442805,39.993156191701,5.56195503086)
  );
#236 = CARTESIAN_POINT('',(0.150988152001,-34.85128279207,3.279971499858
    ));
#237 = CARTESIAN_POINT('',(-0.232603814721,-43.40911655685,
    4.193904322928));
#238 = CARTESIAN_POINT('',(15.782750177069,161.89208578464,
    20.726949137012));
#239 = CARTESIAN_POINT('',(-43.19398449195,-368.4839846901,
    -22.74976680821));
#240 = CARTESIAN_POINT('',(25.248907440741,335.10321003052,
    38.01883448829));
#241 = CARTESIAN_POINT('',(28.097219780936,-43.52116559564,
    1.232312172185));
#242 = CARTESIAN_POINT('',(19.200410577959,-3.395521765253,
    2.232622818016));
#243 = CARTESIAN_POINT('',(9.395592070302,-97.59187232616,3.886470825311
    ));
#244 = CARTESIAN_POINT('',(5.05677284281,-82.68938892085,4.403365933749)
  );
#245 = CARTESIAN_POINT('',(0.442311019191,28.425453359444,5.467719182607
    ));
#246 = CARTESIAN_POINT('',(-8.930631604847E-02,31.031815387718,
    4.796548001654));
#247 = CARTESIAN_POINT('',(-4.425297278087,-150.8178107146,
    -6.550808959287));
#248 = CARTESIAN_POINT('',(-6.522090064848,344.42764613887,
    24.882062352058));
#249 = CARTESIAN_POINT('',(58.537490335128,-304.2130102324,
    -14.37421441091));
#250 = CARTESIAN_POINT('',(-58.26135407717,84.471259772608,
    2.492478588269));
#251 = CARTESIAN_POINT('',(-19.20645077679,-27.5220004607,
    10.842569750665));
#252 = CARTESIAN_POINT('',(3.805644175796,58.772094908124,6.357186242084
    ));
#253 = CARTESIAN_POINT('',(9.227705314921,46.511972434656,5.219601377715
    ));
#254 = CARTESIAN_POINT('',(3.194054026194E-02,-6.782349412397,
    4.467099375614));
#255 = CARTESIAN_POINT('',(8.10587659199E-02,-5.093599728149,
    4.944959070286));
#256 = CARTESIAN_POINT('',(2.157160733441,71.490895732726,9.184413478563
    ));
#257 = CARTESIAN_POINT('',(6.410253765361,-154.3359927962,
    -1.056697493038));
#258 = CARTESIAN_POINT('',(-20.0840355419,149.70984814067,9.726883626225
    ));
#259 = CARTESIAN_POINT('',(5.757084315835,-73.83596771074,5.798777871574
    ));
#260 = CARTESIAN_POINT('',(2.200820632575,37.096839147833,4.160686832305
    ));
#261 = CARTESIAN_POINT('',(2.578984726542,12.01719309462,4.985518500235)
  );
#262 = CARTESIAN_POINT('',(7.812292770195,14.976064104025,4.776509004554
    ));
#263 = CARTESIAN_POINT('',(-0.155867364627,2.100753639912,4.911179824214
    ));
#264 = CARTESIAN_POINT('',(-0.160447282601,2.239874207186,4.927175870192
    ));
#265 = CARTESIAN_POINT('',(-7.073957330314E-02,2.690211246114,
    5.370384092529));
#266 = CARTESIAN_POINT('',(-0.31950381454,-2.700230799823,5.273592059895
    ));
#267 = CARTESIAN_POINT('',(-1.911321987848,12.557726939377,
    4.525155064668));
#268 = CARTESIAN_POINT('',(-6.349082402671,6.522568577072,5.146953114413
    ));
#269 = CARTESIAN_POINT('',(-0.959474255997,27.986224317717,
    5.201682688827));
#270 = CARTESIAN_POINT('',(5.175155496717,34.515892795772,4.865769214717
    ));
#271 = CARTESIAN_POINT('',(11.354114557754,36.846020341711,
    4.413815044737));
#272 = CARTESIAN_POINT('',(6.731278842023E-02,3.630103393377,
    5.049800428261));
#273 = CARTESIAN_POINT('',(5.145150072858E-02,4.407161132517,
    4.97010843395));
#274 = CARTESIAN_POINT('',(-0.326153588553,6.477674645464,5.180648366629
    ));
#275 = CARTESIAN_POINT('',(-0.134295210501,4.603093721552,5.10995500033)
  );
#276 = CARTESIAN_POINT('',(-1.887031930445,18.521983137744,
    4.655658254194));
#277 = CARTESIAN_POINT('',(-3.359594371995,20.993614791144,
    4.891437240005));
#278 = CARTESIAN_POINT('',(1.652975238372,39.28022298297,4.822735565447)
  );
#279 = CARTESIAN_POINT('',(7.973686369368,47.300749419628,4.444131648884
    ));
#280 = CARTESIAN_POINT('',(14.751527670373,50.926929494766,
    3.953336665656));
#281 = DEFINITIONAL_REPRESENTATION('',(#282),#291);
#282 = B_SPLINE_CURVE_WITH_KNOTS('',7,(#283,#284,#285,#286,#287,#288,
    #289,#290),.UNSPECIFIED.,.F.,.F.,(8,8),(0.,1.),
  .PIECEWISE_BEZIER_KNOTS.);
#283 = CARTESIAN_POINT('',(1.067802015364,-0.614513735268));
#284 = CARTESIAN_POINT('',(0.819992579194,-0.473943899864));
#285 = CARTESIAN_POINT('',(0.523598069721,-0.369931816561));
#286 = CARTESIAN_POINT('',(0.182739278235,-0.311372267956));
#287 = CARTESIAN_POINT('',(-0.182739278239,-0.31137226796));
#288 = CARTESIAN_POINT('',(-0.523598069716,-0.36993181656));
#289 = CARTESIAN_POINT('',(-0.819992579194,-0.473943899864));
#290 = CARTESIAN_POINT('',(-1.067802015364,-0.614513735268));
#291 = ( GEOMETRIC_REPRESENTATION_CONTEXT(2) 
PARAMETRIC_REPRESENTATION_CONTEXT() REPRESENTATION_CONTEXT('2D SPACE',''
  ) );
#292 = ORIENTED_EDGE('',*,*,#21,.F.);
#293 = ORIENTED_EDGE('',*,*,#294,.T.);
#294 = EDGE_CURVE('',#22,#295,#297,.T.);
#295 = VERTEX_POINT('',#296);
#296 = CARTESIAN_POINT('',(-2.22044604925E-16,32.,1.5));
#297 = SURFACE_CURVE('',#298,(#302,#309),.PCURVE_S1.);
#298 = LINE('',#299,#300);
#299 = CARTESIAN_POINT('',(-2.22044604925E-16,2.,1.5));
#300 = VECTOR('',#301,1.);
#301 = DIRECTION('',(-0.,1.,0.));
#302 = PCURVE('',#44,#303);
#303 = DEFINITIONAL_REPRESENTATION('',(#304),#308);
#304 = LINE('',#305,#306);
#305 = CARTESIAN_POINT('',(1.5,-2.));
#306 = VECTOR('',#307,1.);
#307 = DIRECTION('',(0.,-1.));
#308 = ( GEOMETRIC_REPRESENTATION_CONTEXT(2) 
PARAMETRIC_REPRESENTATION_CONTEXT() REPRESENTATION_CONTEXT('2D SPACE',''
  ) );
#309 = PCURVE('',#310,#315);
#310 = CYLINDRICAL_SURFACE('',#311,1.5);
#311 = AXIS2_PLACEMENT_3D('',#312,#313,#314);
#312 = CARTESIAN_POINT('',(1.5,2.,1.5));
#313 = DIRECTION('',(-0.,1.,0.));
#314 = DIRECTION('',(-1.,-0.,0.));
#315 = DEFINITIONAL_REPRESENTATION('',(#316),#320);
#316 = LINE('',#317,#318);
#317 = CARTESIAN_POINT('',(-0.,0.));
#318 = VECTOR('',#319,1.);
#319 = DIRECTION('',(-0.,1.));
#320 = ( GEOMETRIC_REPRESENTATION_CONTEXT(2) 
PARAMETRIC_REPRESENTATION_CONTEXT() REPRESENTATION_CONTEXT('2D SPACE',''
  ) );
#321 = ORIENTED_EDGE('',*,*,#322,.T.);
#322 = EDGE_CURVE('',#295,#323,#325,.T.);
#323 = VERTEX_POINT('',#324);
#324 = CARTESIAN_POINT('',(-2.22044604925E-16,32.,3.5));
#325 = SURFACE_CURVE('',#326,(#330,#337),.PCURVE_S1.);
#326 = LINE('',#327,#328);
#327 = CARTESIAN_POINT('',(0.,32.,0.));
#328 = VECTOR('',#329,1.);
#329 = DIRECTION('',(0.,0.,1.));
#330 = PCURVE('',#44,#331);
#331 = DEFINITIONAL_REPRESENTATION('',(#332),#336);
#332 = LINE('',#333,#334);
#333 = CARTESIAN_POINT('',(0.,-32.));
#334 = VECTOR('',#335,1.);
#335 = DIRECTION('',(1.,0.));
#336 = ( GEOMETRIC_REPRESENTATION_CONTEXT(2) 
PARAMETRIC_REPRESENTATION_CONTEXT() REPRESENTATION_CONTEXT('2D SPACE',''
  ) );
#337 = PCURVE('',#338,#343);
#338 = PLANE('',#339);
#339 = AXIS2_PLACEMENT_3D('',#340,#341,#342);
#340 = CARTESIAN_POINT('',(0.,0.,0.));
#341 = DIRECTION('',(1.,0.,-0.));
#342 = DIRECTION('',(0.,0.,1.));
#343 = DEFINITIONAL_REPRESENTATION('',(#344),#348);
#344 = LINE('',#345,#346);
#345 = CARTESIAN_POINT('',(0.,-32.));
#346 = VECTOR('',#347,1.);
#347 = DIRECTION('',(1.,0.));
#348 = ( GEOMETRIC_REPRESENTATION_CONTEXT(2) 
PARAMETRIC_REPRESENTATION_CONTEXT() REPRESENTATION_CONTEXT('2D SPACE',''
  ) );
#349 = ORIENTED_EDGE('',*,*,#350,.T.);
#350 = EDGE_CURVE('',#323,#144,#351,.T.);
#351 = SURFACE_CURVE('',#352,(#363,#377),.PCURVE_S1.);
#352 = B_SPLINE_CURVE_WITH_KNOTS('',9,(#353,#354,#355,#356,#357,#358,
    #359,#360,#361,#362),.UNSPECIFIED.,.F.,.F.,(10,10),(0.,1.),
  .PIECEWISE_BEZIER_KNOTS.);
#353 = CARTESIAN_POINT('',(0.,32.,3.5));
#354 = CARTESIAN_POINT('',(0.,32.,3.763123917517));
#355 = CARTESIAN_POINT('',(0.,31.954041478406,4.026250708654));
#356 = CARTESIAN_POINT('',(0.,31.857509655282,4.280186118117));
#357 = CARTESIAN_POINT('',(0.,31.709158396008,4.512618626208));
#358 = CARTESIAN_POINT('',(0.,31.512618626208,4.709158396008));
#359 = CARTESIAN_POINT('',(0.,31.280186118117,4.857509655282));
#360 = CARTESIAN_POINT('',(0.,31.026250708654,4.954041478406));
#361 = CARTESIAN_POINT('',(0.,30.763123917517,5.));
#362 = CARTESIAN_POINT('',(0.,30.5,5.));
#363 = PCURVE('',#44,#364);
#364 = DEFINITIONAL_REPRESENTATION('',(#365),#376);
#365 = B_SPLINE_CURVE_WITH_KNOTS('',9,(#366,#367,#368,#369,#370,#371,
    #372,#373,#374,#375),.UNSPECIFIED.,.F.,.F.,(10,10),(0.,1.),
  .PIECEWISE_BEZIER_KNOTS.);
#366 = CARTESIAN_POINT('',(3.5,-32.));
#367 = CARTESIAN_POINT('',(3.763123917517,-32.));
#368 = CARTESIAN_POINT('',(4.026250708654,-31.9540414784));
#369 = CARTESIAN_POINT('',(4.280186118117,-31.85750965528));
#370 = CARTESIAN_POINT('',(4.512618626208,-31.709158396));
#371 = CARTESIAN_POINT('',(4.709158396008,-31.5126186262));
#372 = CARTESIAN_POINT('',(4.857509655282,-31.28018611811));
#373 = CARTESIAN_POINT('',(4.954041478406,-31.02625070865));
#374 = CARTESIAN_POINT('',(5.,-30.76312391751));
#375 = CARTESIAN_POINT('',(5.,-30.5));
#376 = ( GEOMETRIC_REPRESENTATION_CONTEXT(2) 
PARAMETRIC_REPRESENTATION_CONTEXT() REPRESENTATION_CONTEXT('2D SPACE',''
  ) );
#377 = PCURVE('',#378,#635);
#378 = B_SPLINE_SURFACE_WITH_KNOTS('',8,8,(
    (#379,#380,#381,#382,#383,#384,#385,#386,#387,#388,#389,#390,#391
      ,#392,#393,#394)
    ,(#395,#396,#397,#398,#399,#400,#401,#402,#403,#404,#405,#406,#407
      ,#408,#409,#410)
    ,(#411,#412,#413,#414,#415,#416,#417,#418,#419,#420,#421,#422,#423
      ,#424,#425,#426)
    ,(#427,#428,#429,#430,#431,#432,#433,#434,#435,#436,#437,#438,#439
      ,#440,#441,#442)
    ,(#443,#444,#445,#446,#447,#448,#449,#450,#451,#452,#453,#454,#455
      ,#456,#457,#458)
    ,(#459,#460,#461,#462,#463,#464,#465,#466,#467,#468,#469,#470,#471
      ,#472,#473,#474)
    ,(#475,#476,#477,#478,#479,#480,#481,#482,#483,#484,#485,#486,#487
      ,#488,#489,#490)
    ,(#491,#492,#493,#494,#495,#496,#497,#498,#499,#500,#501,#502,#503
      ,#504,#505,#506)
    ,(#507,#508,#509,#510,#511,#512,#513,#514,#515,#516,#517,#518,#519
      ,#520,#521,#522)
    ,(#523,#524,#525,#526,#527,#528,#529,#530,#531,#532,#533,#534,#535
      ,#536,#537,#538)
    ,(#539,#540,#541,#542,#543,#544,#545,#546,#547,#548,#549,#550,#551
      ,#552,#553,#554)
    ,(#555,#556,#557,#558,#559,#560,#561,#562,#563,#564,#565,#566,#567
      ,#568,#569,#570)
    ,(#571,#572,#573,#574,#575,#576,#577,#578,#579,#580,#581,#582,#583
      ,#584,#585,#586)
    ,(#587,#588,#589,#590,#591,#592,#593,#594,#595,#596,#597,#598,#599
      ,#600,#601,#602)
    ,(#603,#604,#605,#606,#607,#608,#609,#610,#611,#612,#613,#614,#615
      ,#616,#617,#618)
    ,(#619,#620,#621,#622,#623,#624,#625,#626,#627,#628,#629,#630,#631
      ,#632,#633,#634
    )),.UNSPECIFIED.,.F.,.F.,.F.,(9,7,9),(9,7,9),(-1.166726188958,
    3.37507799486E-14,1.166726188958),(-1.344027696498,-0.333634889498,
    0.676757917503),.UNSPECIFIED.);
#379 = CARTESIAN_POINT('',(-14.6281952778,48.864783611873,
    20.243845058072));
#380 = CARTESIAN_POINT('',(-14.24702391192,48.337486131234,
    19.71277383089));
#381 = CARTESIAN_POINT('',(-13.42822936544,47.378592345319,
    18.750107323935));
#382 = CARTESIAN_POINT('',(-12.16246690712,45.978841226629,
    17.34667404362));
#383 = CARTESIAN_POINT('',(-10.50012128331,44.18786315251,
    15.552224821644));
#384 = CARTESIAN_POINT('',(-8.772378498531,42.332153749168,
    13.693509483547));
#385 = CARTESIAN_POINT('',(-7.138011363987,40.568291505688,
    11.92712353619));
#386 = CARTESIAN_POINT('',(-5.673781903042,38.971993662574,
    10.328761960679));
#387 = CARTESIAN_POINT('',(-3.151903024586,36.179971711864,
    7.533427580848));
#388 = CARTESIAN_POINT('',(-2.094657364697,34.984646166659,
    6.336850440968));
#389 = CARTESIAN_POINT('',(-1.268737195738,34.017281156261,5.36860760422
    ));
#390 = CARTESIAN_POINT('',(-0.669066836426,33.272916224845,
    4.623593331627));
#391 = CARTESIAN_POINT('',(-0.261749297685,32.71813923905,4.068471647315
    ));
#392 = CARTESIAN_POINT('',(-3.473780610042E-02,32.341136628671,
    3.691167433603));
#393 = CARTESIAN_POINT('',(-2.097753418636E-02,32.174283949946,
    3.524312982033));
#394 = CARTESIAN_POINT('',(-8.722797226627E-05,32.000452672067,
    3.350425402739));
#395 = CARTESIAN_POINT('',(-12.26104492874,46.429121359946,
    18.010385032983));
#396 = CARTESIAN_POINT('',(-12.03065387948,46.050370149131,
    17.628175824552));
#397 = CARTESIAN_POINT('',(-11.34187761547,45.219560470555,
    16.793881312841));
#398 = CARTESIAN_POINT('',(-10.17013269445,43.912401021201,
    15.483302602368));
#399 = CARTESIAN_POINT('',(-8.546886719996,42.159863130604,
    13.727536372963));
#400 = CARTESIAN_POINT('',(-6.921474702671,40.404919914916,
    11.969896748556));
#401 = CARTESIAN_POINT('',(-5.435226313343,38.786969756756,
    10.349753958876));
#402 = CARTESIAN_POINT('',(-4.154880231419,37.371853838881,
    8.932910123299));
#403 = CARTESIAN_POINT('',(-2.035286947417,34.97625376757,6.534640631361
    ));
#404 = CARTESIAN_POINT('',(-1.194206127086,33.99396945902,5.551400139494
    ));
#405 = CARTESIAN_POINT('',(-0.597949507909,33.252927637182,
    4.809814716323));
#406 = CARTESIAN_POINT('',(-0.167515412074,32.675435286335,
    4.231779520773));
#407 = CARTESIAN_POINT('',(2.889694841148E-02,32.328450088543,
    3.884804954535));
#408 = CARTESIAN_POINT('',(0.146187486145,32.059680681575,3.615752761472
    ));
#409 = CARTESIAN_POINT('',(3.920782077252E-02,32.011800743919,
    3.568032759838));
#410 = CARTESIAN_POINT('',(2.463893224799E-02,31.872903252826,
    3.429158635186));
#411 = CARTESIAN_POINT('',(-9.84097870331,43.941253414667,15.72477154049
    ));
#412 = CARTESIAN_POINT('',(-9.765637172878,43.715293404687,
    15.495601057653));
#413 = CARTESIAN_POINT('',(-10.16792450084,43.959801517785,
    15.738041398415));
#414 = CARTESIAN_POINT('',(-7.443857680162,41.123137687086,
    12.89512506042));
#415 = CARTESIAN_POINT('',(-5.999418657561,39.544853333423,
    11.31779161729));
#416 = CARTESIAN_POINT('',(-6.052707621922,39.446606239706,
    11.214571654966));
#417 = CARTESIAN_POINT('',(-3.529194826131,36.80494753222,8.572216245025
    ));
#418 = CARTESIAN_POINT('',(-2.751932983316,35.885943964279,
    7.651559850846));
#419 = CARTESIAN_POINT('',(-1.066265181236,33.917984723439,
    5.681550798741));
#420 = CARTESIAN_POINT('',(-3.672034698884E-02,32.749955997449,
    4.512630322799));
#421 = CARTESIAN_POINT('',(-1.816606355858,34.350917979577,
    6.114421556961));
#422 = CARTESIAN_POINT('',(2.924810813968,29.52419791078,1.285306671576)
  );
#423 = CARTESIAN_POINT('',(-1.952964767424,34.17902719953,5.942200343074
    ));
#424 = CARTESIAN_POINT('',(0.648715166586,31.460903400698,3.223341523627
    ));
#425 = CARTESIAN_POINT('',(-0.140533070677,32.085886570193,
    3.848458351161));
#426 = CARTESIAN_POINT('',(-9.099487416043E-02,31.883772944841,
    3.646359138199));
#427 = CARTESIAN_POINT('',(-7.738735398937,41.766595169605,
    13.75284597751));
#428 = CARTESIAN_POINT('',(-7.849547822103,41.723809982745,
    13.707680684554));
#429 = CARTESIAN_POINT('',(-3.573150546759,37.3569126133,9.333150063268)
  );
#430 = CARTESIAN_POINT('',(-9.283059224463,42.829599691761,
    14.816303928616));
#431 = CARTESIAN_POINT('',(-7.380389658442,40.809625838413,
    12.776854371586));
#432 = CARTESIAN_POINT('',(0.717107058052,32.665892911616,4.642292085185
    ));
#433 = CARTESIAN_POINT('',(-3.384622316426,36.560904906695,
    8.531058588907));
#434 = CARTESIAN_POINT('',(-1.358294303652,34.409134912032,
    6.379488546492));
#435 = CARTESIAN_POINT('',(-0.308354058368,33.06769180931,5.036890502322
    ));
#436 = CARTESIAN_POINT('',(-1.855109297835,34.438696151765,
    6.408847797931));
#437 = CARTESIAN_POINT('',(7.861612041291,24.709279365509,
    -3.327153820825));
#438 = CARTESIAN_POINT('',(-12.84524052514,44.963450092296,
    16.940723768199));
#439 = CARTESIAN_POINT('',(10.867188571035,21.440497135058,
    -6.597974513722));
#440 = CARTESIAN_POINT('',(-3.499515708968,35.447047589279,
    7.417822289329));
#441 = CARTESIAN_POINT('',(0.282151863914,31.566301570543,3.534738966949
    ));
#442 = CARTESIAN_POINT('',(0.246365241057,31.448285760377,3.41676798671)
  );
#443 = CARTESIAN_POINT('',(-4.727403716115,38.695876950244,
    10.88387058337));
#444 = CARTESIAN_POINT('',(-5.085846443868,38.897620576242,
    11.082619804986));
#445 = CARTESIAN_POINT('',(-12.34489871906,45.899629674965,
    18.092058335094));
#446 = CARTESIAN_POINT('',(1.038514484365,32.562384093716,4.724974665281
    ));
#447 = CARTESIAN_POINT('',(3.424716981631,30.040109875609,2.233964061823
    ));
#448 = CARTESIAN_POINT('',(-9.894205267296,43.034124514727,
    15.204070106272));
#449 = CARTESIAN_POINT('',(1.540281074593,31.59962128882,3.778312193709)
  );
#450 = CARTESIAN_POINT('',(-0.443883544003,33.404623193294,
    5.580372640307));
#451 = CARTESIAN_POINT('',(0.342370276363,32.323198203576,4.497916639061
    ));
#452 = CARTESIAN_POINT('',(2.857382801927,29.691124664067,1.864283330076
    ));
#453 = CARTESIAN_POINT('',(-9.689207083469,41.904066113561,
    14.084733572411));
#454 = CARTESIAN_POINT('',(17.89479600218,14.563526139359,
    -13.27255395743));
#455 = CARTESIAN_POINT('',(-13.98084530892,45.826803783559,
    18.011404390679));
#456 = CARTESIAN_POINT('',(4.248619787693,27.706606898947,
    -0.121152017025));
#457 = CARTESIAN_POINT('',(-0.322700941778,32.058932867298,
    4.234331652928));
#458 = CARTESIAN_POINT('',(-0.112910255877,31.698923261751,
    3.874212373665));
#459 = CARTESIAN_POINT('',(-3.243218037621,37.130250880529,
    9.522008768389));
#460 = CARTESIAN_POINT('',(-3.484292007797,37.215368760252,
    9.605881404919));
#461 = CARTESIAN_POINT('',(4.737712669122,28.960562764946,1.33685266583)
  );
#462 = CARTESIAN_POINT('',(-7.851445149016,41.207302800579,
    13.61467605429));
#463 = CARTESIAN_POINT('',(-8.97114172482,42.179954751649,
    14.544272316935));
#464 = CARTESIAN_POINT('',(9.896256584259,23.406017651803,
    -4.203151273806));
#465 = CARTESIAN_POINT('',(-2.412499530801,35.398096586155,
    7.776405709125));
#466 = CARTESIAN_POINT('',(0.795409304448,32.079808018243,4.460745985196
    ));
#467 = CARTESIAN_POINT('',(0.716381898636,31.85106449797,4.232253215785)
  );
#468 = CARTESIAN_POINT('',(-0.315726560911,32.714829957262,
    5.096912482229));
#469 = CARTESIAN_POINT('',(4.37094376342,27.943607146355,0.321482017108)
  );
#470 = CARTESIAN_POINT('',(-6.811872485103,38.809669772803,
    11.197564821523));
#471 = CARTESIAN_POINT('',(5.927861205015,26.103461982463,
    -1.520901609497));
#472 = CARTESIAN_POINT('',(-2.152454281212,33.912663513468,
    6.295518601923));
#473 = CARTESIAN_POINT('',(0.281567747611,31.360531618808,3.741547044577
    ));
#474 = CARTESIAN_POINT('',(0.270615591747,31.217988339752,3.599097939483
    ));
#475 = CARTESIAN_POINT('',(-0.300121033888,34.12690082651,6.720264281941
    ));
#476 = CARTESIAN_POINT('',(-1.423547431227,35.082345556227,
    7.674199622073));
#477 = CARTESIAN_POINT('',(-6.762525631606,40.190628964703,
    12.790134769755));
#478 = CARTESIAN_POINT('',(1.13722555559,32.259966504989,4.83279078719)
  );
#479 = CARTESIAN_POINT('',(9.095705785755,24.243971865135,
    -3.155802384003));
#480 = CARTESIAN_POINT('',(-6.214407297099,39.200177306876,
    11.779993851982));
#481 = CARTESIAN_POINT('',(3.163115533121,29.793802673456,2.383179461035
    ));
#482 = CARTESIAN_POINT('',(0.74599712149,32.025290142663,4.612763114458)
  );
#483 = CARTESIAN_POINT('',(0.467743730637,31.993094163745,4.580688013574
    ));
#484 = CARTESIAN_POINT('',(0.503800308624,31.804390891892,4.391911398779
    ));
#485 = CARTESIAN_POINT('',(-0.468260058987,32.608896180028,5.19728882341
    ));
#486 = CARTESIAN_POINT('',(1.592740647455,30.425394288047,3.011226469725
    ));
#487 = CARTESIAN_POINT('',(-1.650356330772,33.467753744201,
    6.056622263884));
#488 = CARTESIAN_POINT('',(0.505341736461,31.190089022863,3.777188004783
    ));
#489 = CARTESIAN_POINT('',(1.200235596539E-02,31.522962021787,
    4.110522456985));
#490 = CARTESIAN_POINT('',(0.143635111386,31.239916675245,3.827459177373
    ));
#491 = CARTESIAN_POINT('',(1.771704141564,31.98197152019,4.778635109095)
  );
#492 = CARTESIAN_POINT('',(1.442453731106,32.153878172554,4.949646048224
    ));
#493 = CARTESIAN_POINT('',(1.221801351379,32.220081943077,5.012175483573
    ));
#494 = CARTESIAN_POINT('',(1.28212708882,32.003648361812,4.802896008302)
  );
#495 = CARTESIAN_POINT('',(0.970776555629,32.165001811487,4.949625109205
    ));
#496 = CARTESIAN_POINT('',(1.153368070646,31.823732023042,4.623622747383
    ));
#497 = CARTESIAN_POINT('',(0.733952490992,32.088193965197,4.880230953737
    ));
#498 = CARTESIAN_POINT('',(0.700163145235,31.967365232071,4.761096129375
    ));
#499 = CARTESIAN_POINT('',(0.464170267438,31.893531158825,4.687307290095
    ));
#500 = CARTESIAN_POINT('',(0.318511009139,31.883878987142,4.677710498918
    ));
#501 = CARTESIAN_POINT('',(0.233743205614,31.814232337275,4.608026236008
    ));
#502 = CARTESIAN_POINT('',(-4.98177442729E-02,31.940691498013,
    4.734428493716));
#503 = CARTESIAN_POINT('',(-0.122798306055,31.859377603153,
    4.653108137683));
#504 = CARTESIAN_POINT('',(-5.400689216721E-03,31.590315534227,
    4.384072961583));
#505 = CARTESIAN_POINT('',(9.045208340983E-02,31.342528095345,
    4.13627925855));
#506 = CARTESIAN_POINT('',(0.193798161787,31.087356143773,3.881109965672
    ));
#507 = CARTESIAN_POINT('',(1.771704202098,31.778635048474,4.981971461617
    ));
#508 = CARTESIAN_POINT('',(1.442453773461,31.949646006236,5.153878131157
    ));
#509 = CARTESIAN_POINT('',(1.221801302794,32.012175532662,5.22008198905)
  );
#510 = CARTESIAN_POINT('',(1.282127249466,31.802895847229,5.003648208212
    ));
#511 = CARTESIAN_POINT('',(0.970776339682,31.949625326246,5.165002017983
    ));
#512 = CARTESIAN_POINT('',(1.153368200405,31.623622616018,4.823731899558
    ));
#513 = CARTESIAN_POINT('',(0.733952457648,31.880230987171,5.088193997257
    ));
#514 = CARTESIAN_POINT('',(0.700163144763,31.761096129751,4.967365232551
    ));
#515 = CARTESIAN_POINT('',(0.464170267452,31.687307290122,4.893531158618
    ));
#516 = CARTESIAN_POINT('',(0.31851100997,31.67771049757,4.883878986693)
  );
#517 = CARTESIAN_POINT('',(0.233743206183,31.608026238072,4.81423233399)
  );
#518 = CARTESIAN_POINT('',(-4.981774432188E-02,31.734428489523,
    4.94069150225));
#519 = CARTESIAN_POINT('',(-0.122798306256,31.653108141487,4.85937759977
    ));
#520 = CARTESIAN_POINT('',(-5.400689170816E-03,31.384072959647,
    4.590315536103));
#521 = CARTESIAN_POINT('',(9.045208347538E-02,31.136279258596,
    4.342528095161));
#522 = CARTESIAN_POINT('',(0.193798162072,30.88110996584,4.08735614302)
  );
#523 = CARTESIAN_POINT('',(-0.300120911187,33.720264154087,
    7.126900708807));
#524 = CARTESIAN_POINT('',(-1.423547336762,34.674199524772,
    8.082345464281));
#525 = CARTESIAN_POINT('',(-6.762525293068,39.790134461615,
    13.190628650154));
#526 = CARTESIAN_POINT('',(1.137225151182,31.83279111512,5.259966824129)
  );
#527 = CARTESIAN_POINT('',(9.095706001936,23.844197487019,
    -2.756028221124));
#528 = CARTESIAN_POINT('',(-6.214407384442,38.779993882447,12.2001773031
    ));
#529 = CARTESIAN_POINT('',(3.163115548869,29.3831794597,2.793802681496)
  );
#530 = CARTESIAN_POINT('',(0.745997121475,31.612763113967,5.025290143404
    ));
#531 = CARTESIAN_POINT('',(0.467743731831,31.580688011881,4.993094162844
    ));
#532 = CARTESIAN_POINT('',(0.503800308088,31.391911416664,4.804390891333
    ));
#533 = CARTESIAN_POINT('',(-0.468260055989,32.197288772536,
    5.608896188967));
#534 = CARTESIAN_POINT('',(1.592740644394,30.011226543256,3.425394265668
    ));
#535 = CARTESIAN_POINT('',(-1.650356327333,33.056622199509,
    6.467753763435));
#536 = CARTESIAN_POINT('',(0.505341731998,30.777188031585,4.190089023834
    ));
#537 = CARTESIAN_POINT('',(1.200235554988E-02,31.110522454376,
    4.522962022661));
#538 = CARTESIAN_POINT('',(0.143635111474,30.827459175382,4.239916674899
    ));
#539 = CARTESIAN_POINT('',(-3.243217821116,36.522008569591,
    10.130250664137));
#540 = CARTESIAN_POINT('',(-3.484291817393,36.605881227304,10.2153685711
    ));
#541 = CARTESIAN_POINT('',(4.737712393733,28.336852823508,1.960563009398
    ));
#542 = CARTESIAN_POINT('',(-7.851444334451,40.614675538263,
    14.207302216082));
#543 = CARTESIAN_POINT('',(-8.97114221432,41.544272468779,15.17995485371
    ));
#544 = CARTESIAN_POINT('',(9.896256784753,22.796848737942,
    -3.593982277434));
#545 = CARTESIAN_POINT('',(-2.412499580984,34.776405704559,
    8.398096568116));
#546 = CARTESIAN_POINT('',(0.795409295903,31.460745994373,5.079808024601
    ));
#547 = CARTESIAN_POINT('',(0.716381894832,31.232253221374,4.851064499531
    ));
#548 = CARTESIAN_POINT('',(-0.315726549146,32.096912407409,
    5.714829956411));
#549 = CARTESIAN_POINT('',(4.370943751635,27.321482204257,0.94360709246)
  );
#550 = CARTESIAN_POINT('',(-6.811872475383,38.197564552026,
    11.809669883638));
#551 = CARTESIAN_POINT('',(5.927861193496,25.47909861891,-0.896538105785
    ));
#552 = CARTESIAN_POINT('',(-2.152454264802,33.295518510181,
    6.912663514471));
#553 = CARTESIAN_POINT('',(0.281567748825,30.741547053813,4.360531615594
    ));
#554 = CARTESIAN_POINT('',(0.270615593772,30.599097946102,4.217988335666
    ));
#555 = CARTESIAN_POINT('',(-4.727403437673,37.883870286875,
    11.695876678292));
#556 = CARTESIAN_POINT('',(-5.085846228967,38.082619576963,
    11.897620364381));
#557 = CARTESIAN_POINT('',(-12.34489813132,45.092057970639,
    18.899629126829));
#558 = CARTESIAN_POINT('',(1.038513789724,31.724974859312,5.562384459263
    ));
#559 = CARTESIAN_POINT('',(3.424717702778,29.233963891261,3.040109740368
    ));
#560 = CARTESIAN_POINT('',(-9.894205525258,42.204070028232,
    16.03412436351));
#561 = CARTESIAN_POINT('',(1.540281168454,30.778312185298,4.599621295415
    ));
#562 = CARTESIAN_POINT('',(-0.4438835258,32.580372620742,6.404623178069)
  );
#563 = CARTESIAN_POINT('',(0.342370276496,31.49791663575,5.32319820557)
  );
#564 = CARTESIAN_POINT('',(2.857382773146,28.864283466026,2.691124669856
    ));
#565 = CARTESIAN_POINT('',(-9.689207073822,41.084733269637,
    14.904066217534));
#566 = CARTESIAN_POINT('',(17.894796022659,13.727446454497,
    -12.43647408756));
#567 = CARTESIAN_POINT('',(-13.98084531113,45.011404039232,
    18.826803958074));
#568 = CARTESIAN_POINT('',(4.248619761192,26.878848120819,0.706606898909
    ));
#569 = CARTESIAN_POINT('',(-0.322700941732,31.23433163937,5.058932869719
    ));
#570 = CARTESIAN_POINT('',(-0.112910256232,30.874212362746,
    4.698923264805));
#571 = CARTESIAN_POINT('',(-7.738735054999,40.752845658569,
    14.766594833625));
#572 = CARTESIAN_POINT('',(-7.849547526529,40.707680410721,
    14.723809695945));
#573 = CARTESIAN_POINT('',(-3.57315056846,36.333149868603,
    10.356912593349));
#574 = CARTESIAN_POINT('',(-9.283058521943,41.816303695368,
    15.829599276352));
#575 = CARTESIAN_POINT('',(-7.380390002604,39.776854236697,
    13.809625686442));
#576 = CARTESIAN_POINT('',(0.717107358447,31.642292071048,5.665892964327
    ));
#577 = CARTESIAN_POINT('',(-3.384622320156,35.531058524047,
    9.560904825644));
#578 = CARTESIAN_POINT('',(-1.358294281116,33.379488526182,
    7.409134887064));
#579 = CARTESIAN_POINT('',(-0.308354056912,32.036890504018,
    6.067691805972));
#580 = CARTESIAN_POINT('',(-1.855109279876,33.40884767548,7.438696151957
    ));
#581 = CARTESIAN_POINT('',(7.861612043931,23.672846467799,
    -2.290720738737));
#582 = CARTESIAN_POINT('',(-12.84524058458,43.940723403641,
    17.96345033627));
#583 = CARTESIAN_POINT('',(10.867188606722,20.402025791045,
    -5.559503056102));
#584 = CARTESIAN_POINT('',(-3.499515690346,34.417822172022,
    8.447047589332));
#585 = CARTESIAN_POINT('',(0.2821518588,30.534738978826,4.566301576123)
  );
#586 = CARTESIAN_POINT('',(0.246365239923,30.416767996182,4.448285758735
    ));
#587 = CARTESIAN_POINT('',(-9.840978262303,42.72477109809,
    16.941252978154));
#588 = CARTESIAN_POINT('',(-9.765636800018,42.495600683658,
    16.715293033736));
#589 = CARTESIAN_POINT('',(-10.16792411601,42.738041129704,
    16.959801164183));
#590 = CARTESIAN_POINT('',(-7.443857642269,39.89512480306,
    14.123137523174));
#591 = CARTESIAN_POINT('',(-5.999418291144,38.317791468872,
    12.544853172389));
#592 = CARTESIAN_POINT('',(-6.05270759662,38.214571516856,
    12.446606074673));
#593 = CARTESIAN_POINT('',(-3.529194716924,35.572216162239,9.80494745558
    ));
#594 = CARTESIAN_POINT('',(-2.751932919155,34.651559786916,
    8.885943901941));
#595 = CARTESIAN_POINT('',(-1.06626515787,32.68155077386,6.917984701594)
  );
#596 = CARTESIAN_POINT('',(-3.672034535357E-02,31.51263036732,
    5.74995599747));
#597 = CARTESIAN_POINT('',(-1.816606358299,33.114421427979,
    7.350918000584));
#598 = CARTESIAN_POINT('',(2.924810831946,28.285306830555,2.524197855889
    ));
#599 = CARTESIAN_POINT('',(-1.95296478011,32.942200217774,7.179027242135
    ));
#600 = CARTESIAN_POINT('',(0.648715152996,30.223341570738,4.460903423329
    ));
#601 = CARTESIAN_POINT('',(-0.140533065735,30.84845834494,5.085886563353
    ));
#602 = CARTESIAN_POINT('',(-9.099486962182E-02,30.646359131935,
    4.883772939438));
#603 = CARTESIAN_POINT('',(-12.26104441774,45.010384532558,
    19.429120853724));
#604 = CARTESIAN_POINT('',(-12.03065344049,44.628175395167,
    19.050369713587));
#605 = CARTESIAN_POINT('',(-11.34187723828,43.793880944489,
    18.219560097156));
#606 = CARTESIAN_POINT('',(-10.17013241648,42.483302329609,
    16.912400750985));
#607 = CARTESIAN_POINT('',(-8.546886473682,40.727536138322,
    15.159862870244));
#608 = CARTESIAN_POINT('',(-6.921474539569,38.969896587035,
    13.404919764848));
#609 = CARTESIAN_POINT('',(-5.43522618161,37.349753831865,
    11.786969620315));
#610 = CARTESIAN_POINT('',(-4.154880136628,35.932910031555,
    10.371853743951));
#611 = CARTESIAN_POINT('',(-2.03528690584,33.53464059106,7.976253725993)
  );
#612 = CARTESIAN_POINT('',(-1.1942061035,32.551400112007,6.993969434145)
  );
#613 = CARTESIAN_POINT('',(-0.597949498715,31.809814719322,
    6.252927630641));
#614 = CARTESIAN_POINT('',(-0.167515405661,31.231779497067,5.67543527844
    ));
#615 = CARTESIAN_POINT('',(2.889694190957E-02,30.884804970078,
    5.328450099239));
#616 = CARTESIAN_POINT('',(0.146187485186,30.615752757663,5.059680683354
    ));
#617 = CARTESIAN_POINT('',(3.920781852166E-02,30.56803276125,
    5.011800747611));
#618 = CARTESIAN_POINT('',(2.46389313438E-02,30.429158635892,
    4.872903254547));
#619 = CARTESIAN_POINT('',(-14.62819468333,47.243844477681,
    21.864783021189));
#620 = CARTESIAN_POINT('',(-14.24702339581,46.712773327747,
    21.337485617566));
#621 = CARTESIAN_POINT('',(-13.42822891515,45.750106885291,
    20.378591898866));
#622 = CARTESIAN_POINT('',(-12.16246656606,44.346673711315,
    18.978840889922));
#623 = CARTESIAN_POINT('',(-10.50012097182,42.552224525301,
    17.187862828289));
#624 = CARTESIAN_POINT('',(-8.772378281505,40.69350927017,15.33215354315
    ));
#625 = CARTESIAN_POINT('',(-7.138011183464,38.927123363321,
    13.568291319592));
#626 = CARTESIAN_POINT('',(-5.673781766786,37.328761829915,
    11.971993525109));
#627 = CARTESIAN_POINT('',(-3.151902954757,34.533427514421,
    9.179971640915));
#628 = CARTESIAN_POINT('',(-2.094657319954,33.336850392995,
    7.984646119873));
#629 = CARTESIAN_POINT('',(-1.268737167943,32.368607594612,7.01728112718
    ));
#630 = CARTESIAN_POINT('',(-0.669066820659,31.623593294589,
    6.272916212093));
#631 = CARTESIAN_POINT('',(-0.261749293735,31.068471659438,
    5.718139232097));
#632 = CARTESIAN_POINT('',(-3.473780220903E-02,30.691167425132,
    5.341136626095));
#633 = CARTESIAN_POINT('',(-2.097753270944E-02,30.524312981867,
    5.174283948023));
#634 = CARTESIAN_POINT('',(-8.722704241642E-05,30.350425403474,
    5.000452670348));
#635 = DEFINITIONAL_REPRESENTATION('',(#636),#693);
#636 = B_SPLINE_CURVE_WITH_KNOTS('',10,(#637,#638,#639,#640,#641,#642,
    #643,#644,#645,#646,#647,#648,#649,#650,#651,#652,#653,#654,#655,
    #656,#657,#658,#659,#660,#661,#662,#663,#664,#665,#666,#667,#668,
    #669,#670,#671,#672,#673,#674,#675,#676,#677,#678,#679,#680,#681,
    #682,#683,#684,#685,#686,#687,#688,#689,#690,#691,#692),
  .UNSPECIFIED.,.F.,.F.,(11,9,9,9,9,9,11),(0.,0.125,0.25,0.5,0.75,0.875,
    1.),.UNSPECIFIED.);
#637 = CARTESIAN_POINT('',(-1.06066017178,0.615234470457));
#638 = CARTESIAN_POINT('',(-1.03965776668,0.602996568955));
#639 = CARTESIAN_POINT('',(-1.017306764095,0.590390910689));
#640 = CARTESIAN_POINT('',(-0.989312903034,0.575544593365));
#641 = CARTESIAN_POINT('',(-0.985598752055,0.573925128418));
#642 = CARTESIAN_POINT('',(-0.941608853826,0.550965373859));
#643 = CARTESIAN_POINT('',(-0.933990367711,0.548582715109));
#644 = CARTESIAN_POINT('',(-0.902496359869,0.533310391468));
#645 = CARTESIAN_POINT('',(-0.879046845531,0.523382842299));
#646 = CARTESIAN_POINT('',(-0.852898691669,0.512444438755));
#647 = CARTESIAN_POINT('',(-0.800858426906,0.491775124683));
#648 = CARTESIAN_POINT('',(-0.774711806391,0.481899833312));
#649 = CARTESIAN_POINT('',(-0.748842676788,0.472595742769));
#650 = CARTESIAN_POINT('',(-0.723390894236,0.463880156922));
#651 = CARTESIAN_POINT('',(-0.698300089881,0.455703889059));
#652 = CARTESIAN_POINT('',(-0.673385567777,0.447979302606));
#653 = CARTESIAN_POINT('',(-0.648402202804,0.440608351845));
#654 = CARTESIAN_POINT('',(-0.623112338569,0.433510622632));
#655 = CARTESIAN_POINT('',(-0.597353685324,0.426651373112));
#656 = CARTESIAN_POINT('',(-0.518614282953,0.406905977103));
#657 = CARTESIAN_POINT('',(-0.464139154025,0.394833713891));
#658 = CARTESIAN_POINT('',(-0.406939851917,0.383544137397));
#659 = CARTESIAN_POINT('',(-0.347974723156,0.374129302402));
#660 = CARTESIAN_POINT('',(-0.291031618348,0.366686473168));
#661 = CARTESIAN_POINT('',(-0.23623551049,0.360686834053));
#662 = CARTESIAN_POINT('',(-0.179242574178,0.35588306608));
#663 = CARTESIAN_POINT('',(-0.118184349181,0.352565583055));
#664 = CARTESIAN_POINT('',(-5.91812143136E-02,0.351012351761));
#665 = CARTESIAN_POINT('',(5.918121424384E-02,0.35101235176));
#666 = CARTESIAN_POINT('',(0.118184348679,0.35256558305));
#667 = CARTESIAN_POINT('',(0.179242573963,0.355883066042));
#668 = CARTESIAN_POINT('',(0.23623551062,0.360686834041));
#669 = CARTESIAN_POINT('',(0.291031618512,0.366686473198));
#670 = CARTESIAN_POINT('',(0.347974723153,0.37412930242));
#671 = CARTESIAN_POINT('',(0.406939851758,0.383544137369));
#672 = CARTESIAN_POINT('',(0.4641391538,0.394833713847));
#673 = CARTESIAN_POINT('',(0.518614282768,0.406905977061));
#674 = CARTESIAN_POINT('',(0.597353685199,0.426651373079));
#675 = CARTESIAN_POINT('',(0.623112338468,0.433510622603));
#676 = CARTESIAN_POINT('',(0.648402202722,0.440608351821));
#677 = CARTESIAN_POINT('',(0.673385567704,0.447979302584));
#678 = CARTESIAN_POINT('',(0.698300089801,0.455703889035));
#679 = CARTESIAN_POINT('',(0.72339089413,0.463880156888));
#680 = CARTESIAN_POINT('',(0.748842676636,0.472595742718));
#681 = CARTESIAN_POINT('',(0.774711806182,0.481899833237));
#682 = CARTESIAN_POINT('',(0.800858426638,0.491775124582));
#683 = CARTESIAN_POINT('',(0.852898691316,0.51244443861));
#684 = CARTESIAN_POINT('',(0.879046845188,0.523382842157));
#685 = CARTESIAN_POINT('',(0.902496359276,0.533310391174));
#686 = CARTESIAN_POINT('',(0.933990368012,0.548582715305));
#687 = CARTESIAN_POINT('',(0.941608852378,0.550965373087));
#688 = CARTESIAN_POINT('',(0.985598753,0.573925128926));
#689 = CARTESIAN_POINT('',(0.989312902165,0.575544592916));
#690 = CARTESIAN_POINT('',(1.017306763849,0.590390910543));
#691 = CARTESIAN_POINT('',(1.039657766605,0.602996568911));
#692 = CARTESIAN_POINT('',(1.06066017178,0.615234470457));
#693 = ( GEOMETRIC_REPRESENTATION_CONTEXT(2) 
PARAMETRIC_REPRESENTATION_CONTEXT() REPRESENTATION_CONTEXT('2D SPACE',''
  ) );
#694 = ADVANCED_FACE('',(#695),#126,.T.);
#695 = FACE_BOUND('',#696,.F.);
#696 = EDGE_LOOP('',(#697,#698,#727,#755));
#697 = ORIENTED_EDGE('',*,*,#112,.F.);
#698 = ORIENTED_EDGE('',*,*,#699,.T.);
#699 = EDGE_CURVE('',#85,#700,#702,.T.);
#700 = VERTEX_POINT('',#701);
#701 = CARTESIAN_POINT('',(1.5,1.5,-2.22044604925E-16));
#702 = SURFACE_CURVE('',#703,(#708,#715),.PCURVE_S1.);
#703 = CIRCLE('',#704,1.5);
#704 = AXIS2_PLACEMENT_3D('',#705,#706,#707);
#705 = CARTESIAN_POINT('',(1.5,1.5,1.5));
#706 = DIRECTION('',(0.,-1.,-0.));
#707 = DIRECTION('',(-1.,-0.,0.));
#708 = PCURVE('',#126,#709);
#709 = DEFINITIONAL_REPRESENTATION('',(#710),#714);
#710 = LINE('',#711,#712);
#711 = CARTESIAN_POINT('',(-0.,1.5));
#712 = VECTOR('',#713,1.);
#713 = DIRECTION('',(-1.,0.));
#714 = ( GEOMETRIC_REPRESENTATION_CONTEXT(2) 
PARAMETRIC_REPRESENTATION_CONTEXT() REPRESENTATION_CONTEXT('2D SPACE',''
  ) );
#715 = PCURVE('',#716,#721);
#716 = SPHERICAL_SURFACE('',#717,1.5);
#717 = AXIS2_PLACEMENT_3D('',#718,#719,#720);
#718 = CARTESIAN_POINT('',(1.5,1.5,1.5));
#719 = DIRECTION('',(-0.,1.,0.));
#720 = DIRECTION('',(-1.,-0.,0.));
#721 = DEFINITIONAL_REPRESENTATION('',(#722),#726);
#722 = LINE('',#723,#724);
#723 = CARTESIAN_POINT('',(-0.,0.));
#724 = VECTOR('',#725,1.);
#725 = DIRECTION('',(-1.,0.));
#726 = ( GEOMETRIC_REPRESENTATION_CONTEXT(2) 
PARAMETRIC_REPRESENTATION_CONTEXT() REPRESENTATION_CONTEXT('2D SPACE',''
  ) );
#727 = ORIENTED_EDGE('',*,*,#728,.T.);
#728 = EDGE_CURVE('',#700,#729,#731,.T.);
#729 = VERTEX_POINT('',#730);
#730 = CARTESIAN_POINT('',(1.5,2.,-2.22044604925E-16));
#731 = SURFACE_CURVE('',#732,(#736,#743),.PCURVE_S1.);
#732 = LINE('',#733,#734);
#733 = CARTESIAN_POINT('',(1.5,0.,-2.22044604925E-16));
#734 = VECTOR('',#735,1.);
#735 = DIRECTION('',(-0.,1.,0.));
#736 = PCURVE('',#126,#737);
#737 = DEFINITIONAL_REPRESENTATION('',(#738),#742);
#738 = LINE('',#739,#740);
#739 = CARTESIAN_POINT('',(-1.570796326795,0.));
#740 = VECTOR('',#741,1.);
#741 = DIRECTION('',(-0.,1.));
#742 = ( GEOMETRIC_REPRESENTATION_CONTEXT(2) 
PARAMETRIC_REPRESENTATION_CONTEXT() REPRESENTATION_CONTEXT('2D SPACE',''
  ) );
#743 = PCURVE('',#744,#749);
#744 = PLANE('',#745);
#745 = AXIS2_PLACEMENT_3D('',#746,#747,#748);
#746 = CARTESIAN_POINT('',(0.,0.,0.));
#747 = DIRECTION('',(0.,0.,1.));
#748 = DIRECTION('',(1.,0.,-0.));
#749 = DEFINITIONAL_REPRESENTATION('',(#750),#754);
#750 = LINE('',#751,#752);
#751 = CARTESIAN_POINT('',(1.5,0.));
#752 = VECTOR('',#753,1.);
#753 = DIRECTION('',(0.,1.));
#754 = ( GEOMETRIC_REPRESENTATION_CONTEXT(2) 
PARAMETRIC_REPRESENTATION_CONTEXT() REPRESENTATION_CONTEXT('2D SPACE',''
  ) );
#755 = ORIENTED_EDGE('',*,*,#756,.F.);
#756 = EDGE_CURVE('',#22,#729,#757,.T.);
#757 = SURFACE_CURVE('',#758,(#763,#769),.PCURVE_S1.);
#758 = CIRCLE('',#759,1.5);
#759 = AXIS2_PLACEMENT_3D('',#760,#761,#762);
#760 = CARTESIAN_POINT('',(1.5,2.,1.5));
#761 = DIRECTION('',(0.,-1.,-0.));
#762 = DIRECTION('',(-1.,-0.,0.));
#763 = PCURVE('',#126,#764);
#764 = DEFINITIONAL_REPRESENTATION('',(#765),#768);
#765 = B_SPLINE_CURVE_WITH_KNOTS('',1,(#766,#767),.UNSPECIFIED.,.F.,.F.,
  (2,2),(0.,1.570796326795),.PIECEWISE_BEZIER_KNOTS.);
#766 = CARTESIAN_POINT('',(0.,2.));
#767 = CARTESIAN_POINT('',(-1.570796326795,2.));
#768 = ( GEOMETRIC_REPRESENTATION_CONTEXT(2) 
PARAMETRIC_REPRESENTATION_CONTEXT() REPRESENTATION_CONTEXT('2D SPACE',''
  ) );
#769 = PCURVE('',#310,#770);
#770 = DEFINITIONAL_REPRESENTATION('',(#771),#774);
#771 = B_SPLINE_CURVE_WITH_KNOTS('',1,(#772,#773),.UNSPECIFIED.,.F.,.F.,
  (2,2),(0.,1.570796326795),.PIECEWISE_BEZIER_KNOTS.);
#772 = CARTESIAN_POINT('',(0.,0.));
#773 = CARTESIAN_POINT('',(-1.570796326795,0.));
#774 = ( GEOMETRIC_REPRESENTATION_CONTEXT(2) 
PARAMETRIC_REPRESENTATION_CONTEXT() REPRESENTATION_CONTEXT('2D SPACE',''
  ) );
#775 = ADVANCED_FACE('',(#776),#72,.T.);
#776 = FACE_BOUND('',#777,.T.);
#777 = EDGE_LOOP('',(#778,#779,#808,#836));
#778 = ORIENTED_EDGE('',*,*,#56,.F.);
#779 = ORIENTED_EDGE('',*,*,#780,.T.);
#780 = EDGE_CURVE('',#57,#781,#783,.T.);
#781 = VERTEX_POINT('',#782);
#782 = CARTESIAN_POINT('',(1.5,1.5,5.));
#783 = SURFACE_CURVE('',#784,(#789,#796),.PCURVE_S1.);
#784 = CIRCLE('',#785,1.5);
#785 = AXIS2_PLACEMENT_3D('',#786,#787,#788);
#786 = CARTESIAN_POINT('',(1.5,1.5,3.5));
#787 = DIRECTION('',(-0.,1.,0.));
#788 = DIRECTION('',(-1.,-0.,0.));
#789 = PCURVE('',#72,#790);
#790 = DEFINITIONAL_REPRESENTATION('',(#791),#795);
#791 = LINE('',#792,#793);
#792 = CARTESIAN_POINT('',(0.,1.5));
#793 = VECTOR('',#794,1.);
#794 = DIRECTION('',(1.,0.));
#795 = ( GEOMETRIC_REPRESENTATION_CONTEXT(2) 
PARAMETRIC_REPRESENTATION_CONTEXT() REPRESENTATION_CONTEXT('2D SPACE',''
  ) );
#796 = PCURVE('',#797,#802);
#797 = SPHERICAL_SURFACE('',#798,1.5);
#798 = AXIS2_PLACEMENT_3D('',#799,#800,#801);
#799 = CARTESIAN_POINT('',(1.5,1.5,3.5));
#800 = DIRECTION('',(-0.,1.,0.));
#801 = DIRECTION('',(-1.,-0.,0.));
#802 = DEFINITIONAL_REPRESENTATION('',(#803),#807);
#803 = LINE('',#804,#805);
#804 = CARTESIAN_POINT('',(0.,0.));
#805 = VECTOR('',#806,1.);
#806 = DIRECTION('',(1.,0.));
#807 = ( GEOMETRIC_REPRESENTATION_CONTEXT(2) 
PARAMETRIC_REPRESENTATION_CONTEXT() REPRESENTATION_CONTEXT('2D SPACE',''
  ) );
#808 = ORIENTED_EDGE('',*,*,#809,.T.);
#809 = EDGE_CURVE('',#781,#810,#812,.T.);
#810 = VERTEX_POINT('',#811);
#811 = CARTESIAN_POINT('',(1.5,2.,5.));
#812 = SURFACE_CURVE('',#813,(#817,#824),.PCURVE_S1.);
#813 = LINE('',#814,#815);
#814 = CARTESIAN_POINT('',(1.5,0.,5.));
#815 = VECTOR('',#816,1.);
#816 = DIRECTION('',(-0.,1.,0.));
#817 = PCURVE('',#72,#818);
#818 = DEFINITIONAL_REPRESENTATION('',(#819),#823);
#819 = LINE('',#820,#821);
#820 = CARTESIAN_POINT('',(1.570796326795,0.));
#821 = VECTOR('',#822,1.);
#822 = DIRECTION('',(0.,1.));
#823 = ( GEOMETRIC_REPRESENTATION_CONTEXT(2) 
PARAMETRIC_REPRESENTATION_CONTEXT() REPRESENTATION_CONTEXT('2D SPACE',''
  ) );
#824 = PCURVE('',#825,#830);
#825 = PLANE('',#826);
#826 = AXIS2_PLACEMENT_3D('',#827,#828,#829);
#827 = CARTESIAN_POINT('',(0.,0.,5.));
#828 = DIRECTION('',(0.,0.,1.));
#829 = DIRECTION('',(1.,0.,-0.));
#830 = DEFINITIONAL_REPRESENTATION('',(#831),#835);
#831 = LINE('',#832,#833);
#832 = CARTESIAN_POINT('',(1.5,0.));
#833 = VECTOR('',#834,1.);
#834 = DIRECTION('',(0.,1.));
#835 = ( GEOMETRIC_REPRESENTATION_CONTEXT(2) 
PARAMETRIC_REPRESENTATION_CONTEXT() REPRESENTATION_CONTEXT('2D SPACE',''
  ) );
#836 = ORIENTED_EDGE('',*,*,#837,.F.);
#837 = EDGE_CURVE('',#24,#810,#838,.T.);
#838 = SURFACE_CURVE('',#839,(#847,#859),.PCURVE_S1.);
#839 = ( BOUNDED_CURVE() B_SPLINE_CURVE(6,(#840,#841,#842,#843,#844,#845
,#846),.UNSPECIFIED.,.F.,.F.) B_SPLINE_CURVE_WITH_KNOTS((7,7),(0.,
1.570796326795),.PIECEWISE_BEZIER_KNOTS.) CURVE() 
GEOMETRIC_REPRESENTATION_ITEM() RATIONAL_B_SPLINE_CURVE((1.031393471788,
    1.010025407661,0.997924642725,0.993958444137,0.997924642725,
1.010025407661,1.031393471788)) REPRESENTATION_ITEM('') );
#840 = CARTESIAN_POINT('',(0.,2.,3.5));
#841 = CARTESIAN_POINT('',(1.998401444325E-15,2.,3.901005174729));
#842 = CARTESIAN_POINT('',(0.127506525951,2.,4.291562858873));
#843 = CARTESIAN_POINT('',(0.372120730197,2.,4.627879269803));
#844 = CARTESIAN_POINT('',(0.708437141127,2.,4.872493474049));
#845 = CARTESIAN_POINT('',(1.098994825271,2.,5.));
#846 = CARTESIAN_POINT('',(1.5,2.,5.));
#847 = PCURVE('',#72,#848);
#848 = DEFINITIONAL_REPRESENTATION('',(#849),#858);
#849 = B_SPLINE_CURVE_WITH_KNOTS('',7,(#850,#851,#852,#853,#854,#855,
    #856,#857),.UNSPECIFIED.,.F.,.F.,(8,8),(0.,1.570796326795),
  .PIECEWISE_BEZIER_KNOTS.);
#850 = CARTESIAN_POINT('',(1.110223024625E-16,2.));
#851 = CARTESIAN_POINT('',(0.224398447986,2.));
#852 = CARTESIAN_POINT('',(0.448800730466,2.));
#853 = CARTESIAN_POINT('',(0.67319635718,2.));
#854 = CARTESIAN_POINT('',(0.897599969614,2.));
#855 = CARTESIAN_POINT('',(1.121995596329,2.));
#856 = CARTESIAN_POINT('',(1.346397878809,2.));
#857 = CARTESIAN_POINT('',(1.570796326795,2.));
#858 = ( GEOMETRIC_REPRESENTATION_CONTEXT(2) 
PARAMETRIC_REPRESENTATION_CONTEXT() REPRESENTATION_CONTEXT('2D SPACE',''
  ) );
#859 = PCURVE('',#199,#860);
#860 = DEFINITIONAL_REPRESENTATION('',(#861),#984);
#861 = B_SPLINE_CURVE_WITH_KNOTS('',11,(#862,#863,#864,#865,#866,#867,
    #868,#869,#870,#871,#872,#873,#874,#875,#876,#877,#878,#879,#880,
    #881,#882,#883,#884,#885,#886,#887,#888,#889,#890,#891,#892,#893,
    #894,#895,#896,#897,#898,#899,#900,#901,#902,#903,#904,#905,#906,
    #907,#908,#909,#910,#911,#912,#913,#914,#915,#916,#917,#918,#919,
    #920,#921,#922,#923,#924,#925,#926,#927,#928,#929,#930,#931,#932,
    #933,#934,#935,#936,#937,#938,#939,#940,#941,#942,#943,#944,#945,
    #946,#947,#948,#949,#950,#951,#952,#953,#954,#955,#956,#957,#958,
    #959,#960,#961,#962,#963,#964,#965,#966,#967,#968,#969,#970,#971,
    #972,#973,#974,#975,#976,#977,#978,#979,#980,#981,#982,#983),
  .UNSPECIFIED.,.F.,.F.,(12,10,10,10,10,10,10,10,10,10,10,10,12),(0.,
    9.817477042468E-02,0.196349540849,0.392699081699,0.589048622548,
    0.785398163397,0.981747704247,1.079922474671,1.178097245096,
    1.227184630309,1.276272015521,1.374446785946,1.570796326795),
  .UNSPECIFIED.);
#862 = CARTESIAN_POINT('',(-1.067802015364,-0.614513735268));
#863 = CARTESIAN_POINT('',(-1.067243617829,-0.614196984418));
#864 = CARTESIAN_POINT('',(-1.065935955383,-0.613549706148));
#865 = CARTESIAN_POINT('',(-1.060248299443,-0.610119906421));
#866 = CARTESIAN_POINT('',(-1.059375075071,-0.609613764525));
#867 = CARTESIAN_POINT('',(-1.058147400165,-0.609104942634));
#868 = CARTESIAN_POINT('',(-1.047700379693,-0.603175978431));
#869 = CARTESIAN_POINT('',(-1.029133567723,-0.592172588116));
#870 = CARTESIAN_POINT('',(-1.012913066625,-0.582147682713));
#871 = CARTESIAN_POINT('',(-1.004374789137,-0.576467875786));
#872 = CARTESIAN_POINT('',(-0.99329946566,-0.569451236246));
#873 = CARTESIAN_POINT('',(-0.972982605313,-0.556150794149));
#874 = CARTESIAN_POINT('',(-0.962699234067,-0.549292971338));
#875 = CARTESIAN_POINT('',(-0.952274092458,-0.542207267576));
#876 = CARTESIAN_POINT('',(-0.941766636293,-0.534932931231));
#877 = CARTESIAN_POINT('',(-0.931280772867,-0.527544741713));
#878 = CARTESIAN_POINT('',(-0.920933027353,-0.520129012952));
#879 = CARTESIAN_POINT('',(-0.910820709194,-0.512759596893));
#880 = CARTESIAN_POINT('',(-0.900990078494,-0.505473886976));
#881 = CARTESIAN_POINT('',(-0.891404512407,-0.498248821619));
#882 = CARTESIAN_POINT('',(-0.881912671531,-0.490976887708));
#883 = CARTESIAN_POINT('',(-0.852824655828,-0.468372596816));
#884 = CARTESIAN_POINT('',(-0.833345955392,-0.452787656642));
#885 = CARTESIAN_POINT('',(-0.813763962476,-0.436624093729));
#886 = CARTESIAN_POINT('',(-0.794097679666,-0.419866266705));
#887 = CARTESIAN_POINT('',(-0.774401714642,-0.40254610265));
#888 = CARTESIAN_POINT('',(-0.754766280181,-0.384743097099));
#889 = CARTESIAN_POINT('',(-0.735317194155,-0.366584314034));
#890 = CARTESIAN_POINT('',(-0.716215879535,-0.348244385897));
#891 = CARTESIAN_POINT('',(-0.697659364385,-0.329945513577));
#892 = CARTESIAN_POINT('',(-0.679880281867,-0.311957466419));
#893 = CARTESIAN_POINT('',(-0.646413458608,-0.277237698021));
#894 = CARTESIAN_POINT('',(-0.630394754491,-0.260176989116));
#895 = CARTESIAN_POINT('',(-0.615038088949,-0.243435724168));
#896 = CARTESIAN_POINT('',(-0.600266038151,-0.226986428666));
#897 = CARTESIAN_POINT('',(-0.585976423379,-0.210753884925));
#898 = CARTESIAN_POINT('',(-0.572042311027,-0.194615132088));
#899 = CARTESIAN_POINT('',(-0.558312012597,-0.178399466125));
#900 = CARTESIAN_POINT('',(-0.544609084705,-0.16188843983));
#901 = CARTESIAN_POINT('',(-0.530732329076,-0.144815862827));
#902 = CARTESIAN_POINT('',(-0.516455792545,-0.126867801565));
#903 = CARTESIAN_POINT('',(-0.486601741577,-8.84973570772E-02));
#904 = CARTESIAN_POINT('',(-0.47183126713,-6.944591228316E-02));
#905 = CARTESIAN_POINT('',(-0.453008471551,-4.333498555002E-02));
#906 = CARTESIAN_POINT('',(-0.437128063304,-2.179780760152E-02));
#907 = CARTESIAN_POINT('',(-0.419661380347,1.896876474396E-03));
#908 = CARTESIAN_POINT('',(-0.393890273298,3.906836666049E-02));
#909 = CARTESIAN_POINT('',(-0.362271874398,8.740415399032E-02));
#910 = CARTESIAN_POINT('',(-0.335166686949,0.131547297047));
#911 = CARTESIAN_POINT('',(-0.317624813397,0.162468314105));
#912 = CARTESIAN_POINT('',(-0.300287523345,0.192325517155));
#913 = CARTESIAN_POINT('',(-0.271359969129,0.244163193219));
#914 = CARTESIAN_POINT('',(-0.259051913294,0.266867413339));
#915 = CARTESIAN_POINT('',(-0.248278875905,0.287348716388));
#916 = CARTESIAN_POINT('',(-0.238585135664,0.30630924443));
#917 = CARTESIAN_POINT('',(-0.229651046596,0.324220413395));
#918 = CARTESIAN_POINT('',(-0.221264131839,0.341381745686));
#919 = CARTESIAN_POINT('',(-0.213290177445,0.357979702831));
#920 = CARTESIAN_POINT('',(-0.205644326165,0.374146518093));
#921 = CARTESIAN_POINT('',(-0.19826217125,0.390019029114));
#922 = CARTESIAN_POINT('',(-0.191070850239,0.405797510528));
#923 = CARTESIAN_POINT('',(-0.180404783014,0.429808004644));
#924 = CARTESIAN_POINT('',(-0.17687721474,0.437819354354));
#925 = CARTESIAN_POINT('',(-0.173362801066,0.445881515628));
#926 = CARTESIAN_POINT('',(-0.169846909124,0.454037448362));
#927 = CARTESIAN_POINT('',(-0.166314906044,0.462330112448));
#928 = CARTESIAN_POINT('',(-0.16275215896,0.47080246778));
#929 = CARTESIAN_POINT('',(-0.159144035003,0.47949747425));
#930 = CARTESIAN_POINT('',(-0.155475901304,0.488458091754));
#931 = CARTESIAN_POINT('',(-0.151733124995,0.497727280184));
#932 = CARTESIAN_POINT('',(-0.147901073209,0.507347999434));
#933 = CARTESIAN_POINT('',(-0.140029152944,0.527378419361));
#934 = CARTESIAN_POINT('',(-0.136230248379,0.537132033794));
#935 = CARTESIAN_POINT('',(-0.131262365773,0.550211820749));
#936 = CARTESIAN_POINT('',(-0.127118696567,0.561348285754));
#937 = CARTESIAN_POINT('',(-0.123172507979,0.571994648611));
#938 = CARTESIAN_POINT('',(-0.117936985477,0.586246961397));
#939 = CARTESIAN_POINT('',(-0.111545132583,0.604270057002));
#940 = CARTESIAN_POINT('',(-0.105490921217,0.622253584847));
#941 = CARTESIAN_POINT('',(-9.967301343983E-02,0.639780957965));
#942 = CARTESIAN_POINT('',(-9.028250307968E-02,0.667352602953));
#943 = CARTESIAN_POINT('',(-6.822312849372E-02,0.744318906229));
#944 = CARTESIAN_POINT('',(-6.028901258809E-02,0.772791463045));
#945 = CARTESIAN_POINT('',(-5.126858821947E-02,0.809396637395));
#946 = CARTESIAN_POINT('',(-4.611910089167E-02,0.832174538989));
#947 = CARTESIAN_POINT('',(-4.411029968462E-02,0.842299637793));
#948 = CARTESIAN_POINT('',(-4.185318435507E-02,0.853096286645));
#949 = CARTESIAN_POINT('',(-3.831930532671E-02,0.869136487914));
#950 = CARTESIAN_POINT('',(-3.555247295945E-02,0.882427063327));
#951 = CARTESIAN_POINT('',(-3.466484242539E-02,0.888224077921));
#952 = CARTESIAN_POINT('',(-3.259945046836E-02,0.898543061137));
#953 = CARTESIAN_POINT('',(-2.946333005689E-02,0.915385458648));
#954 = CARTESIAN_POINT('',(-2.805982806846E-02,0.923137251452));
#955 = CARTESIAN_POINT('',(-2.679152414215E-02,0.930339173276));
#956 = CARTESIAN_POINT('',(-2.563316594366E-02,0.937093837733));
#957 = CARTESIAN_POINT('',(-2.456360895997E-02,0.9434869371));
#958 = CARTESIAN_POINT('',(-2.356581649864E-02,0.949587242286));
#959 = CARTESIAN_POINT('',(-2.262685968875E-02,0.955446602874));
#960 = CARTESIAN_POINT('',(-2.173791747988E-02,0.961099947073));
#961 = CARTESIAN_POINT('',(-2.089427664303E-02,0.966565281764));
#962 = CARTESIAN_POINT('',(-2.009533176993E-02,0.971843692465));
#963 = CARTESIAN_POINT('',(-1.784309228053E-02,0.987070645122));
#964 = CARTESIAN_POINT('',(-1.64845299228E-02,0.99659168809));
#965 = CARTESIAN_POINT('',(-1.525089256238E-02,1.005591432228));
#966 = CARTESIAN_POINT('',(-1.412577142966E-02,1.014164868737));
#967 = CARTESIAN_POINT('',(-1.309435462351E-02,1.022393020061));
#968 = CARTESIAN_POINT('',(-1.214342711093E-02,1.030342939864));
#969 = CARTESIAN_POINT('',(-1.126137072748E-02,1.038067713061));
#970 = CARTESIAN_POINT('',(-1.043816417685E-02,1.04560645578));
#971 = CARTESIAN_POINT('',(-9.665383031224E-03,1.052984315401));
#972 = CARTESIAN_POINT('',(-8.936199731029E-03,1.060212470526));
#973 = CARTESIAN_POINT('',(-6.863751293166E-03,1.081439451929));
#974 = CARTESIAN_POINT('',(-5.559394733649E-03,1.09320903818));
#975 = CARTESIAN_POINT('',(-5.15285621233E-03,1.116918117271));
#976 = CARTESIAN_POINT('',(-2.219807711558E-03,1.099706153381));
#977 = CARTESIAN_POINT('',(-4.851568658583E-03,1.179795720319));
#978 = CARTESIAN_POINT('',(-1.08256823149E-03,1.065722224579));
#979 = CARTESIAN_POINT('',(-2.070870824403E-04,1.26811873553));
#980 = CARTESIAN_POINT('',(-2.934443287576E-03,1.101572530705));
#981 = CARTESIAN_POINT('',(3.366571963268E-04,1.196338985667));
#982 = CARTESIAN_POINT('',(2.1316651694E-14,1.223061081929));
#983 = CARTESIAN_POINT('',(2.198371693019E-14,1.234575591007));
#984 = ( GEOMETRIC_REPRESENTATION_CONTEXT(2) 
PARAMETRIC_REPRESENTATION_CONTEXT() REPRESENTATION_CONTEXT('2D SPACE',''
  ) );
#985 = ADVANCED_FACE('',(#986),#100,.T.);
#986 = FACE_BOUND('',#987,.T.);
#987 = EDGE_LOOP('',(#988,#1010,#1038,#1058));
#988 = ORIENTED_EDGE('',*,*,#989,.F.);
#989 = EDGE_CURVE('',#990,#85,#992,.T.);
#990 = VERTEX_POINT('',#991);
#991 = CARTESIAN_POINT('',(1.5,0.,1.5));
#992 = SURFACE_CURVE('',#993,(#998,#1004),.PCURVE_S1.);
#993 = CIRCLE('',#994,1.5);
#994 = AXIS2_PLACEMENT_3D('',#995,#996,#997);
#995 = CARTESIAN_POINT('',(1.5,1.5,1.5));
#996 = DIRECTION('',(-0.,0.,-1.));
#997 = DIRECTION('',(-1.,-0.,0.));
#998 = PCURVE('',#100,#999);
#999 = DEFINITIONAL_REPRESENTATION('',(#1000),#1003);
#1000 = B_SPLINE_CURVE_WITH_KNOTS('',1,(#1001,#1002),.UNSPECIFIED.,.F.,
  .F.,(2,2),(4.712388980385,6.28318530718),.PIECEWISE_BEZIER_KNOTS.);
#1001 = CARTESIAN_POINT('',(1.570796326795,1.5));
#1002 = CARTESIAN_POINT('',(0.,1.5));
#1003 = ( GEOMETRIC_REPRESENTATION_CONTEXT(2) 
PARAMETRIC_REPRESENTATION_CONTEXT() REPRESENTATION_CONTEXT('2D SPACE',''
  ) );
#1004 = PCURVE('',#716,#1005);
#1005 = DEFINITIONAL_REPRESENTATION('',(#1006),#1009);
#1006 = B_SPLINE_CURVE_WITH_KNOTS('',1,(#1007,#1008),.UNSPECIFIED.,.F.,
  .F.,(2,2),(4.712388980385,6.28318530718),.PIECEWISE_BEZIER_KNOTS.);
#1007 = CARTESIAN_POINT('',(0.,-1.570796326795));
#1008 = CARTESIAN_POINT('',(0.,0.));
#1009 = ( GEOMETRIC_REPRESENTATION_CONTEXT(2) 
PARAMETRIC_REPRESENTATION_CONTEXT() REPRESENTATION_CONTEXT('2D SPACE',''
  ) );
#1010 = ORIENTED_EDGE('',*,*,#1011,.T.);
#1011 = EDGE_CURVE('',#990,#1012,#1014,.T.);
#1012 = VERTEX_POINT('',#1013);
#1013 = CARTESIAN_POINT('',(1.5,0.,3.5));
#1014 = SURFACE_CURVE('',#1015,(#1019,#1026),.PCURVE_S1.);
#1015 = LINE('',#1016,#1017);
#1016 = CARTESIAN_POINT('',(1.5,-2.22044604925E-16,0.));
#1017 = VECTOR('',#1018,1.);
#1018 = DIRECTION('',(0.,0.,1.));
#1019 = PCURVE('',#100,#1020);
#1020 = DEFINITIONAL_REPRESENTATION('',(#1021),#1025);
#1021 = LINE('',#1022,#1023);
#1022 = CARTESIAN_POINT('',(1.570796326795,0.));
#1023 = VECTOR('',#1024,1.);
#1024 = DIRECTION('',(0.,1.));
#1025 = ( GEOMETRIC_REPRESENTATION_CONTEXT(2) 
PARAMETRIC_REPRESENTATION_CONTEXT() REPRESENTATION_CONTEXT('2D SPACE',''
  ) );
#1026 = PCURVE('',#1027,#1032);
#1027 = PLANE('',#1028);
#1028 = AXIS2_PLACEMENT_3D('',#1029,#1030,#1031);
#1029 = CARTESIAN_POINT('',(0.,0.,0.));
#1030 = DIRECTION('',(-0.,1.,0.));
#1031 = DIRECTION('',(0.,0.,1.));
#1032 = DEFINITIONAL_REPRESENTATION('',(#1033),#1037);
#1033 = LINE('',#1034,#1035);
#1034 = CARTESIAN_POINT('',(0.,1.5));
#1035 = VECTOR('',#1036,1.);
#1036 = DIRECTION('',(1.,0.));
#1037 = ( GEOMETRIC_REPRESENTATION_CONTEXT(2) 
PARAMETRIC_REPRESENTATION_CONTEXT() REPRESENTATION_CONTEXT('2D SPACE',''
  ) );
#1038 = ORIENTED_EDGE('',*,*,#1039,.T.);
#1039 = EDGE_CURVE('',#1012,#57,#1040,.T.);
#1040 = SURFACE_CURVE('',#1041,(#1046,#1052),.PCURVE_S1.);
#1041 = CIRCLE('',#1042,1.5);
#1042 = AXIS2_PLACEMENT_3D('',#1043,#1044,#1045);
#1043 = CARTESIAN_POINT('',(1.5,1.5,3.5));
#1044 = DIRECTION('',(0.,0.,-1.));
#1045 = DIRECTION('',(-1.,0.,0.));
#1046 = PCURVE('',#100,#1047);
#1047 = DEFINITIONAL_REPRESENTATION('',(#1048),#1051);
#1048 = B_SPLINE_CURVE_WITH_KNOTS('',1,(#1049,#1050),.UNSPECIFIED.,.F.,
  .F.,(2,2),(4.712388980385,6.28318530718),.PIECEWISE_BEZIER_KNOTS.);
#1049 = CARTESIAN_POINT('',(1.570796326795,3.5));
#1050 = CARTESIAN_POINT('',(0.,3.5));
#1051 = ( GEOMETRIC_REPRESENTATION_CONTEXT(2) 
PARAMETRIC_REPRESENTATION_CONTEXT() REPRESENTATION_CONTEXT('2D SPACE',''
  ) );
#1052 = PCURVE('',#797,#1053);
#1053 = DEFINITIONAL_REPRESENTATION('',(#1054),#1057);
#1054 = B_SPLINE_CURVE_WITH_KNOTS('',1,(#1055,#1056),.UNSPECIFIED.,.F.,
  .F.,(2,2),(4.712388980385,6.28318530718),.PIECEWISE_BEZIER_KNOTS.);
#1055 = CARTESIAN_POINT('',(0.,-1.570796326795));
#1056 = CARTESIAN_POINT('',(0.,0.));
#1057 = ( GEOMETRIC_REPRESENTATION_CONTEXT(2) 
PARAMETRIC_REPRESENTATION_CONTEXT() REPRESENTATION_CONTEXT('2D SPACE',''
  ) );
#1058 = ORIENTED_EDGE('',*,*,#84,.F.);
#1059 = ADVANCED_FACE('',(#1060,#1145),#159,.F.);
#1060 = FACE_BOUND('',#1061,.F.);
#1061 = EDGE_LOOP('',(#1062,#1063,#1091,#1119));
#1062 = ORIENTED_EDGE('',*,*,#141,.T.);
#1063 = ORIENTED_EDGE('',*,*,#1064,.T.);
#1064 = EDGE_CURVE('',#144,#1065,#1067,.T.);
#1065 = VERTEX_POINT('',#1066);
#1066 = CARTESIAN_POINT('',(0.,30.5,26.5));
#1067 = SURFACE_CURVE('',#1068,(#1072,#1079),.PCURVE_S1.);
#1068 = LINE('',#1069,#1070);
#1069 = CARTESIAN_POINT('',(-2.22044604925E-16,30.5,5.));
#1070 = VECTOR('',#1071,1.);
#1071 = DIRECTION('',(0.,0.,1.));
#1072 = PCURVE('',#159,#1073);
#1073 = DEFINITIONAL_REPRESENTATION('',(#1074),#1078);
#1074 = LINE('',#1075,#1076);
#1075 = CARTESIAN_POINT('',(5.,-28.5));
#1076 = VECTOR('',#1077,1.);
#1077 = DIRECTION('',(1.,0.));
#1078 = ( GEOMETRIC_REPRESENTATION_CONTEXT(2) 
PARAMETRIC_REPRESENTATION_CONTEXT() REPRESENTATION_CONTEXT('2D SPACE',''
  ) );
#1079 = PCURVE('',#1080,#1085);
#1080 = CYLINDRICAL_SURFACE('',#1081,1.5);
#1081 = AXIS2_PLACEMENT_3D('',#1082,#1083,#1084);
#1082 = CARTESIAN_POINT('',(1.5,30.5,5.));
#1083 = DIRECTION('',(0.,0.,1.));
#1084 = DIRECTION('',(-0.,1.,0.));
#1085 = DEFINITIONAL_REPRESENTATION('',(#1086),#1090);
#1086 = LINE('',#1087,#1088);
#1087 = CARTESIAN_POINT('',(1.570796326795,0.));
#1088 = VECTOR('',#1089,1.);
#1089 = DIRECTION('',(0.,1.));
#1090 = ( GEOMETRIC_REPRESENTATION_CONTEXT(2) 
PARAMETRIC_REPRESENTATION_CONTEXT() REPRESENTATION_CONTEXT('2D SPACE',''
  ) );
#1091 = ORIENTED_EDGE('',*,*,#1092,.F.);
#1092 = EDGE_CURVE('',#1093,#1065,#1095,.T.);
#1093 = VERTEX_POINT('',#1094);
#1094 = CARTESIAN_POINT('',(0.,3.5,26.5));
#1095 = SURFACE_CURVE('',#1096,(#1100,#1107),.PCURVE_S1.);
#1096 = LINE('',#1097,#1098);
#1097 = CARTESIAN_POINT('',(-2.22044604925E-16,2.,26.5));
#1098 = VECTOR('',#1099,1.);
#1099 = DIRECTION('',(-0.,1.,0.));
#1100 = PCURVE('',#159,#1101);
#1101 = DEFINITIONAL_REPRESENTATION('',(#1102),#1106);
#1102 = LINE('',#1103,#1104);
#1103 = CARTESIAN_POINT('',(26.5,0.));
#1104 = VECTOR('',#1105,1.);
#1105 = DIRECTION('',(0.,-1.));
#1106 = ( GEOMETRIC_REPRESENTATION_CONTEXT(2) 
PARAMETRIC_REPRESENTATION_CONTEXT() REPRESENTATION_CONTEXT('2D SPACE',''
  ) );
#1107 = PCURVE('',#1108,#1113);
#1108 = CYLINDRICAL_SURFACE('',#1109,1.5);
#1109 = AXIS2_PLACEMENT_3D('',#1110,#1111,#1112);
#1110 = CARTESIAN_POINT('',(1.5,2.,26.5));
#1111 = DIRECTION('',(-0.,1.,0.));
#1112 = DIRECTION('',(-1.,-0.,0.));
#1113 = DEFINITIONAL_REPRESENTATION('',(#1114),#1118);
#1114 = LINE('',#1115,#1116);
#1115 = CARTESIAN_POINT('',(0.,0.));
#1116 = VECTOR('',#1117,1.);
#1117 = DIRECTION('',(0.,1.));
#1118 = ( GEOMETRIC_REPRESENTATION_CONTEXT(2) 
PARAMETRIC_REPRESENTATION_CONTEXT() REPRESENTATION_CONTEXT('2D SPACE',''
  ) );
#1119 = ORIENTED_EDGE('',*,*,#1120,.F.);
#1120 = EDGE_CURVE('',#142,#1093,#1121,.T.);
#1121 = SURFACE_CURVE('',#1122,(#1126,#1133),.PCURVE_S1.);
#1122 = LINE('',#1123,#1124);
#1123 = CARTESIAN_POINT('',(-2.22044604925E-16,3.5,5.));
#1124 = VECTOR('',#1125,1.);
#1125 = DIRECTION('',(0.,0.,1.));
#1126 = PCURVE('',#159,#1127);
#1127 = DEFINITIONAL_REPRESENTATION('',(#1128),#1132);
#1128 = LINE('',#1129,#1130);
#1129 = CARTESIAN_POINT('',(5.,-1.5));
#1130 = VECTOR('',#1131,1.);
#1131 = DIRECTION('',(1.,0.));
#1132 = ( GEOMETRIC_REPRESENTATION_CONTEXT(2) 
PARAMETRIC_REPRESENTATION_CONTEXT() REPRESENTATION_CONTEXT('2D SPACE',''
  ) );
#1133 = PCURVE('',#1134,#1139);
#1134 = CYLINDRICAL_SURFACE('',#1135,1.5);
#1135 = AXIS2_PLACEMENT_3D('',#1136,#1137,#1138);
#1136 = CARTESIAN_POINT('',(1.5,3.5,5.));
#1137 = DIRECTION('',(0.,0.,1.));
#1138 = DIRECTION('',(0.,-1.,0.));
#1139 = DEFINITIONAL_REPRESENTATION('',(#1140),#1144);
#1140 = LINE('',#1141,#1142);
#1141 = CARTESIAN_POINT('',(-1.570796326795,0.));
#1142 = VECTOR('',#1143,1.);
#1143 = DIRECTION('',(-0.,1.));
#1144 = ( GEOMETRIC_REPRESENTATION_CONTEXT(2) 
PARAMETRIC_REPRESENTATION_CONTEXT() REPRESENTATION_CONTEXT('2D SPACE',''
  ) );
#1145 = FACE_BOUND('',#1146,.F.);
#1146 = EDGE_LOOP('',(#1147));
#1147 = ORIENTED_EDGE('',*,*,#1148,.F.);
#1148 = EDGE_CURVE('',#1149,#1149,#1151,.T.);
#1149 = VERTEX_POINT('',#1150);
#1150 = CARTESIAN_POINT('',(0.,17.,15.5));
#1151 = SURFACE_CURVE('',#1152,(#1157,#1164),.PCURVE_S1.);
#1152 = CIRCLE('',#1153,2.5);
#1153 = AXIS2_PLACEMENT_3D('',#1154,#1155,#1156);
#1154 = CARTESIAN_POINT('',(0.,17.,18.));
#1155 = DIRECTION('',(1.,0.,1.110223024625E-16));
#1156 = DIRECTION('',(1.110223024625E-16,0.,-1.));
#1157 = PCURVE('',#159,#1158);
#1158 = DEFINITIONAL_REPRESENTATION('',(#1159),#1163);
#1159 = CIRCLE('',#1160,2.5);
#1160 = AXIS2_PLACEMENT_2D('',#1161,#1162);
#1161 = CARTESIAN_POINT('',(18.,-15.));
#1162 = DIRECTION('',(-1.,0.));
#1163 = ( GEOMETRIC_REPRESENTATION_CONTEXT(2) 
PARAMETRIC_REPRESENTATION_CONTEXT() REPRESENTATION_CONTEXT('2D SPACE',''
  ) );
#1164 = PCURVE('',#1165,#1170);
#1165 = CYLINDRICAL_SURFACE('',#1166,2.5);
#1166 = AXIS2_PLACEMENT_3D('',#1167,#1168,#1169);
#1167 = CARTESIAN_POINT('',(-1.,17.,18.));
#1168 = DIRECTION('',(1.,0.,1.110223024625E-16));
#1169 = DIRECTION('',(1.110223024625E-16,0.,-1.));
#1170 = DEFINITIONAL_REPRESENTATION('',(#1171),#1175);
#1171 = LINE('',#1172,#1173);
#1172 = CARTESIAN_POINT('',(0.,1.));
#1173 = VECTOR('',#1174,1.);
#1174 = DIRECTION('',(1.,0.));
#1175 = ( GEOMETRIC_REPRESENTATION_CONTEXT(2) 
PARAMETRIC_REPRESENTATION_CONTEXT() REPRESENTATION_CONTEXT('2D SPACE',''
  ) );
#1176 = ADVANCED_FACE('',(#1177),#199,.T.);
#1177 = FACE_BOUND('',#1178,.T.);
#1178 = EDGE_LOOP('',(#1179,#1180,#1218));
#1179 = ORIENTED_EDGE('',*,*,#837,.T.);
#1180 = ORIENTED_EDGE('',*,*,#1181,.T.);
#1181 = EDGE_CURVE('',#810,#142,#1182,.T.);
#1182 = SURFACE_CURVE('',#1183,(#1191,#1206),.PCURVE_S1.);
#1183 = ( BOUNDED_CURVE() B_SPLINE_CURVE(6,(#1184,#1185,#1186,#1187,
#1188,#1189,#1190),.UNSPECIFIED.,.F.,.F.) B_SPLINE_CURVE_WITH_KNOTS((7,7
),(0.,1.570796326795),.PIECEWISE_BEZIER_KNOTS.) CURVE() 
GEOMETRIC_REPRESENTATION_ITEM() RATIONAL_B_SPLINE_CURVE((1.031393471788,
    1.010025407661,0.997924642725,0.993958444137,0.997924642725,
1.010025407661,1.031393471788)) REPRESENTATION_ITEM('') );
#1184 = CARTESIAN_POINT('',(1.5,2.,5.));
#1185 = CARTESIAN_POINT('',(1.098994825271,2.,5.));
#1186 = CARTESIAN_POINT('',(0.708437141127,2.127506525951,5.));
#1187 = CARTESIAN_POINT('',(0.372120730197,2.372120730197,5.));
#1188 = CARTESIAN_POINT('',(0.127506525951,2.708437141127,5.));
#1189 = CARTESIAN_POINT('',(2.22044604925E-16,3.098994825271,5.));
#1190 = CARTESIAN_POINT('',(0.,3.5,5.));
#1191 = PCURVE('',#199,#1192);
#1192 = DEFINITIONAL_REPRESENTATION('',(#1193),#1205);
#1193 = B_SPLINE_CURVE_WITH_KNOTS('',10,(#1194,#1195,#1196,#1197,#1198,
    #1199,#1200,#1201,#1202,#1203,#1204),.UNSPECIFIED.,.F.,.F.,(11,11),(
    0.,1.570796326795),.PIECEWISE_BEZIER_KNOTS.);
#1194 = CARTESIAN_POINT('',(2.209343819004E-14,1.234575591007));
#1195 = CARTESIAN_POINT('',(2.409857509551E-14,1.026053254746));
#1196 = CARTESIAN_POINT('',(2.918124885403E-02,0.811020883148));
#1197 = CARTESIAN_POINT('',(8.667973919769E-02,0.594308165311));
#1198 = CARTESIAN_POINT('',(0.173305428153,0.375398870966));
#1199 = CARTESIAN_POINT('',(0.277924815018,0.169698284126));
#1200 = CARTESIAN_POINT('',(0.42145806274,-4.914210121655E-02));
#1201 = CARTESIAN_POINT('',(0.568486930646,-0.230219888811));
#1202 = CARTESIAN_POINT('',(0.728364889257,-0.388413818535));
#1203 = CARTESIAN_POINT('',(0.895208617148,-0.516610176978));
#1204 = CARTESIAN_POINT('',(1.067802015364,-0.614513735268));
#1205 = ( GEOMETRIC_REPRESENTATION_CONTEXT(2) 
PARAMETRIC_REPRESENTATION_CONTEXT() REPRESENTATION_CONTEXT('2D SPACE',''
  ) );
#1206 = PCURVE('',#1134,#1207);
#1207 = DEFINITIONAL_REPRESENTATION('',(#1208),#1217);
#1208 = B_SPLINE_CURVE_WITH_KNOTS('',7,(#1209,#1210,#1211,#1212,#1213,
    #1214,#1215,#1216),.UNSPECIFIED.,.F.,.F.,(8,8),(0.,1.570796326795),
  .PIECEWISE_BEZIER_KNOTS.);
#1209 = CARTESIAN_POINT('',(0.,0.));
#1210 = CARTESIAN_POINT('',(-0.224398447986,0.));
#1211 = CARTESIAN_POINT('',(-0.448800730466,0.));
#1212 = CARTESIAN_POINT('',(-0.67319635718,0.));
#1213 = CARTESIAN_POINT('',(-0.897599969614,0.));
#1214 = CARTESIAN_POINT('',(-1.121995596329,0.));
#1215 = CARTESIAN_POINT('',(-1.346397878809,0.));
#1216 = CARTESIAN_POINT('',(-1.570796326795,0.));
#1217 = ( GEOMETRIC_REPRESENTATION_CONTEXT(2) 
PARAMETRIC_REPRESENTATION_CONTEXT() REPRESENTATION_CONTEXT('2D SPACE',''
  ) );
#1218 = ORIENTED_EDGE('',*,*,#171,.T.);
#1219 = ADVANCED_FACE('',(#1220),#378,.F.);
#1220 = FACE_BOUND('',#1221,.F.);
#1221 = EDGE_LOOP('',(#1222,#1328,#1427));
#1222 = ORIENTED_EDGE('',*,*,#1223,.F.);
#1223 = EDGE_CURVE('',#1224,#323,#1226,.T.);
#1224 = VERTEX_POINT('',#1225);
#1225 = CARTESIAN_POINT('',(1.5,32.,5.));
#1226 = SURFACE_CURVE('',#1227,(#1235,#1311),.PCURVE_S1.);
#1227 = ( BOUNDED_CURVE() B_SPLINE_CURVE(6,(#1228,#1229,#1230,#1231,
#1232,#1233,#1234),.UNSPECIFIED.,.F.,.F.) B_SPLINE_CURVE_WITH_KNOTS((7,7
),(0.,1.570796326795),.PIECEWISE_BEZIER_KNOTS.) CURVE() 
GEOMETRIC_REPRESENTATION_ITEM() RATIONAL_B_SPLINE_CURVE((1.031393471788,
    1.010025407661,0.997924642725,0.993958444137,0.997924642725,
1.010025407661,1.031393471788)) REPRESENTATION_ITEM('') );
#1228 = CARTESIAN_POINT('',(1.5,32.,5.));
#1229 = CARTESIAN_POINT('',(1.098994825271,32.,5.));
#1230 = CARTESIAN_POINT('',(0.708437141127,32.,4.872493474049));
#1231 = CARTESIAN_POINT('',(0.372120730197,32.,4.627879269803));
#1232 = CARTESIAN_POINT('',(0.127506525951,32.,4.291562858873));
#1233 = CARTESIAN_POINT('',(2.22044604925E-16,32.,3.901005174729));
#1234 = CARTESIAN_POINT('',(0.,32.,3.5));
#1235 = PCURVE('',#378,#1236);
#1236 = DEFINITIONAL_REPRESENTATION('',(#1237),#1310);
#1237 = B_SPLINE_CURVE_WITH_KNOTS('',11,(#1238,#1239,#1240,#1241,#1242,
    #1243,#1244,#1245,#1246,#1247,#1248,#1249,#1250,#1251,#1252,#1253,
    #1254,#1255,#1256,#1257,#1258,#1259,#1260,#1261,#1262,#1263,#1264,
    #1265,#1266,#1267,#1268,#1269,#1270,#1271,#1272,#1273,#1274,#1275,
    #1276,#1277,#1278,#1279,#1280,#1281,#1282,#1283,#1284,#1285,#1286,
    #1287,#1288,#1289,#1290,#1291,#1292,#1293,#1294,#1295,#1296,#1297,
    #1298,#1299,#1300,#1301,#1302,#1303,#1304,#1305,#1306,#1307,#1308,
    #1309),.UNSPECIFIED.,.F.,.F.,(12,10,10,10,10,10,10,12),(0.,
    0.196349540849,0.392699081699,0.589048622548,0.785398163397,
    1.178097245096,1.374446785946,1.570796326795),.UNSPECIFIED.);
#1238 = CARTESIAN_POINT('',(-5.690326682073E-14,-1.221843360453));
#1239 = CARTESIAN_POINT('',(-5.609929954516E-14,-1.20768756628));
#1240 = CARTESIAN_POINT('',(-2.074679890229E-04,-1.187800743991));
#1241 = CARTESIAN_POINT('',(-2.710597347908E-04,-1.158567918688));
#1242 = CARTESIAN_POINT('',(-3.796184257437E-03,-1.142197067492));
#1243 = CARTESIAN_POINT('',(1.553478052372E-03,-1.167089123845));
#1244 = CARTESIAN_POINT('',(-7.615314760799E-03,-1.062399220158));
#1245 = CARTESIAN_POINT('',(-4.318274884709E-03,-1.108250066363));
#1246 = CARTESIAN_POINT('',(-8.913088977951E-03,-1.050956328942));
#1247 = CARTESIAN_POINT('',(-1.128416076447E-02,-1.035699769502));
#1248 = CARTESIAN_POINT('',(-1.47695966134E-02,-1.008906378941));
#1249 = CARTESIAN_POINT('',(-2.267874208752E-02,-0.956560498831));
#1250 = CARTESIAN_POINT('',(-2.710090961666E-02,-0.929901152384));
#1251 = CARTESIAN_POINT('',(-3.22447182035E-02,-0.901926403959));
#1252 = CARTESIAN_POINT('',(-3.804029880225E-02,-0.873185892012));
#1253 = CARTESIAN_POINT('',(-4.426483300057E-02,-0.844744709198));
#1254 = CARTESIAN_POINT('',(-5.06718748286E-02,-0.817567315306));
#1255 = CARTESIAN_POINT('',(-5.707902843422E-02,-0.792148543023));
#1256 = CARTESIAN_POINT('',(-6.341398162185E-02,-0.768391696482));
#1257 = CARTESIAN_POINT('',(-6.971889525772E-02,-0.74573374262));
#1258 = CARTESIAN_POINT('',(-7.611314853898E-02,-0.723517595338));
#1259 = CARTESIAN_POINT('',(-8.931573171815E-02,-0.679705389583));
#1260 = CARTESIAN_POINT('',(-9.610697683979E-02,-0.658022126799));
#1261 = CARTESIAN_POINT('',(-0.103257885558,-0.636141730965));
#1262 = CARTESIAN_POINT('',(-0.110770736696,-0.613866184265));
#1263 = CARTESIAN_POINT('',(-0.11883036243,-0.590683666577));
#1264 = CARTESIAN_POINT('',(-0.127747118504,-0.56597752383));
#1265 = CARTESIAN_POINT('',(-0.137700317565,-0.539563905641));
#1266 = CARTESIAN_POINT('',(-0.148489603159,-0.5121420155));
#1267 = CARTESIAN_POINT('',(-0.159501741892,-0.485240916771));
#1268 = CARTESIAN_POINT('',(-0.170100311287,-0.460246837817));
#1269 = CARTESIAN_POINT('',(-0.191191210413,-0.411943001172));
#1270 = CARTESIAN_POINT('',(-0.201672346637,-0.388742305023));
#1271 = CARTESIAN_POINT('',(-0.211416522847,-0.36769872186));
#1272 = CARTESIAN_POINT('',(-0.222272932351,-0.344841290526));
#1273 = CARTESIAN_POINT('',(-0.234363908811,-0.320051856922));
#1274 = CARTESIAN_POINT('',(-0.246711973087,-0.295527143626));
#1275 = CARTESIAN_POINT('',(-0.258839520389,-0.272250767507));
#1276 = CARTESIAN_POINT('',(-0.27122400277,-0.249085633186));
#1277 = CARTESIAN_POINT('',(-0.284277423404,-0.225130020739));
#1278 = CARTESIAN_POINT('',(-0.297304920245,-0.20201357648));
#1279 = CARTESIAN_POINT('',(-0.337439693687,-0.132499765639));
#1280 = CARTESIAN_POINT('',(-0.365537152401,-8.650632521978E-02));
#1281 = CARTESIAN_POINT('',(-0.394048437155,-4.116424308825E-02));
#1282 = CARTESIAN_POINT('',(-0.425499337332,5.248583794675E-03));
#1283 = CARTESIAN_POINT('',(-0.457113715405,4.929326253491E-02));
#1284 = CARTESIAN_POINT('',(-0.486258257621,8.864447918542E-02));
#1285 = CARTESIAN_POINT('',(-0.515396022948,0.126771308739));
#1286 = CARTESIAN_POINT('',(-0.549935170066,0.16967490737));
#1287 = CARTESIAN_POINT('',(-0.590436407813,0.217038078054));
#1288 = CARTESIAN_POINT('',(-0.628719880058,0.258846044728));
#1289 = CARTESIAN_POINT('',(-0.683874102328,0.316440148858));
#1290 = CARTESIAN_POINT('',(-0.701843580988,0.334682782943));
#1291 = CARTESIAN_POINT('',(-0.719373268648,0.352033931964));
#1292 = CARTESIAN_POINT('',(-0.736556506491,0.368634650863));
#1293 = CARTESIAN_POINT('',(-0.753562390089,0.384669957792));
#1294 = CARTESIAN_POINT('',(-0.770593653764,0.400335657954));
#1295 = CARTESIAN_POINT('',(-0.787844554877,0.415805167423));
#1296 = CARTESIAN_POINT('',(-0.805458758193,0.43119633699));
#1297 = CARTESIAN_POINT('',(-0.823487220178,0.446538275982));
#1298 = CARTESIAN_POINT('',(-0.841846073346,0.461738176107));
#1299 = CARTESIAN_POINT('',(-0.87870294781,0.491358094449));
#1300 = CARTESIAN_POINT('',(-0.896739129122,0.50549972156));
#1301 = CARTESIAN_POINT('',(-0.917146846918,0.520754378867));
#1302 = CARTESIAN_POINT('',(-0.932612370549,0.532276838433));
#1303 = CARTESIAN_POINT('',(-0.950313338958,0.544910704943));
#1304 = CARTESIAN_POINT('',(-0.970867762394,0.559032914436));
#1305 = CARTESIAN_POINT('',(-0.987745015744,0.570298375625));
#1306 = CARTESIAN_POINT('',(-1.001871569341,0.579459860699));
#1307 = CARTESIAN_POINT('',(-1.021723271873,0.592153346945));
#1308 = CARTESIAN_POINT('',(-1.041663275225,0.604165159691));
#1309 = CARTESIAN_POINT('',(-1.06066017178,0.615234470457));
#1310 = ( GEOMETRIC_REPRESENTATION_CONTEXT(2) 
PARAMETRIC_REPRESENTATION_CONTEXT() REPRESENTATION_CONTEXT('2D SPACE',''
  ) );
#1311 = PCURVE('',#1312,#1317);
#1312 = CYLINDRICAL_SURFACE('',#1313,1.5);
#1313 = AXIS2_PLACEMENT_3D('',#1314,#1315,#1316);
#1314 = CARTESIAN_POINT('',(1.5,32.,3.5));
#1315 = DIRECTION('',(-0.,1.,0.));
#1316 = DIRECTION('',(0.,0.,1.));
#1317 = DEFINITIONAL_REPRESENTATION('',(#1318),#1327);
#1318 = B_SPLINE_CURVE_WITH_KNOTS('',7,(#1319,#1320,#1321,#1322,#1323,
    #1324,#1325,#1326),.UNSPECIFIED.,.F.,.F.,(8,8),(0.,1.570796326795),
  .PIECEWISE_BEZIER_KNOTS.);
#1319 = CARTESIAN_POINT('',(-1.110223024625E-16,0.));
#1320 = CARTESIAN_POINT('',(-0.224398447986,0.));
#1321 = CARTESIAN_POINT('',(-0.448800730466,0.));
#1322 = CARTESIAN_POINT('',(-0.67319635718,0.));
#1323 = CARTESIAN_POINT('',(-0.897599969614,0.));
#1324 = CARTESIAN_POINT('',(-1.121995596329,0.));
#1325 = CARTESIAN_POINT('',(-1.346397878809,0.));
#1326 = CARTESIAN_POINT('',(-1.570796326795,0.));
#1327 = ( GEOMETRIC_REPRESENTATION_CONTEXT(2) 
PARAMETRIC_REPRESENTATION_CONTEXT() REPRESENTATION_CONTEXT('2D SPACE',''
  ) );
#1328 = ORIENTED_EDGE('',*,*,#1329,.F.);
#1329 = EDGE_CURVE('',#144,#1224,#1330,.T.);
#1330 = SURFACE_CURVE('',#1331,(#1339,#1415),.PCURVE_S1.);
#1331 = ( BOUNDED_CURVE() B_SPLINE_CURVE(6,(#1332,#1333,#1334,#1335,
#1336,#1337,#1338),.UNSPECIFIED.,.F.,.F.) B_SPLINE_CURVE_WITH_KNOTS((7,7
),(0.,1.570796326795),.PIECEWISE_BEZIER_KNOTS.) CURVE() 
GEOMETRIC_REPRESENTATION_ITEM() RATIONAL_B_SPLINE_CURVE((1.031393471788,
    1.010025407661,0.997924642725,0.993958444137,0.997924642725,
1.010025407661,1.031393471788)) REPRESENTATION_ITEM('') );
#1332 = CARTESIAN_POINT('',(0.,30.5,5.));
#1333 = CARTESIAN_POINT('',(2.22044604925E-16,30.901005174729,5.));
#1334 = CARTESIAN_POINT('',(0.127506525951,31.291562858873,5.));
#1335 = CARTESIAN_POINT('',(0.372120730197,31.627879269803,5.));
#1336 = CARTESIAN_POINT('',(0.708437141127,31.872493474049,5.));
#1337 = CARTESIAN_POINT('',(1.098994825271,32.,5.));
#1338 = CARTESIAN_POINT('',(1.5,32.,5.));
#1339 = PCURVE('',#378,#1340);
#1340 = DEFINITIONAL_REPRESENTATION('',(#1341),#1414);
#1341 = B_SPLINE_CURVE_WITH_KNOTS('',11,(#1342,#1343,#1344,#1345,#1346,
    #1347,#1348,#1349,#1350,#1351,#1352,#1353,#1354,#1355,#1356,#1357,
    #1358,#1359,#1360,#1361,#1362,#1363,#1364,#1365,#1366,#1367,#1368,
    #1369,#1370,#1371,#1372,#1373,#1374,#1375,#1376,#1377,#1378,#1379,
    #1380,#1381,#1382,#1383,#1384,#1385,#1386,#1387,#1388,#1389,#1390,
    #1391,#1392,#1393,#1394,#1395,#1396,#1397,#1398,#1399,#1400,#1401,
    #1402,#1403,#1404,#1405,#1406,#1407,#1408,#1409,#1410,#1411,#1412,
    #1413),.UNSPECIFIED.,.F.,.F.,(12,10,10,10,10,10,10,12),(0.,
    0.196349540849,0.392699081699,0.785398163397,0.981747704247,
    1.178097245096,1.374446785946,1.570796326795),.UNSPECIFIED.);
#1342 = CARTESIAN_POINT('',(1.06066017178,0.615234470457));
#1343 = CARTESIAN_POINT('',(1.041663275157,0.604165159652));
#1344 = CARTESIAN_POINT('',(1.021723271621,0.592153346798));
#1345 = CARTESIAN_POINT('',(1.001871568957,0.579459860445));
#1346 = CARTESIAN_POINT('',(0.987745015647,0.570298375557));
#1347 = CARTESIAN_POINT('',(0.970867762316,0.559032914384));
#1348 = CARTESIAN_POINT('',(0.95031333862,0.544910704711));
#1349 = CARTESIAN_POINT('',(0.932612370203,0.532276838187));
#1350 = CARTESIAN_POINT('',(0.917146846781,0.520754378756));
#1351 = CARTESIAN_POINT('',(0.896739128827,0.50549972134));
#1352 = CARTESIAN_POINT('',(0.878702947571,0.491358094261));
#1353 = CARTESIAN_POINT('',(0.841846073157,0.461738175951));
#1354 = CARTESIAN_POINT('',(0.823487220026,0.446538275852));
#1355 = CARTESIAN_POINT('',(0.80545875808,0.43119633689));
#1356 = CARTESIAN_POINT('',(0.7878445548,0.415805167352));
#1357 = CARTESIAN_POINT('',(0.770593653713,0.400335657906));
#1358 = CARTESIAN_POINT('',(0.753562390057,0.38466995776));
#1359 = CARTESIAN_POINT('',(0.736556506463,0.368634650837));
#1360 = CARTESIAN_POINT('',(0.719373268619,0.352033931935));
#1361 = CARTESIAN_POINT('',(0.701843580946,0.334682782903));
#1362 = CARTESIAN_POINT('',(0.683874102273,0.316440148802));
#1363 = CARTESIAN_POINT('',(0.628719879959,0.258846044621));
#1364 = CARTESIAN_POINT('',(0.590436407666,0.217038077884));
#1365 = CARTESIAN_POINT('',(0.549935169982,0.169674907266));
#1366 = CARTESIAN_POINT('',(0.51539602292,0.126771308695));
#1367 = CARTESIAN_POINT('',(0.486258257608,8.864447916132E-02));
#1368 = CARTESIAN_POINT('',(0.45711371541,4.929326253994E-02));
#1369 = CARTESIAN_POINT('',(0.425499337377,5.248583856496E-03));
#1370 = CARTESIAN_POINT('',(0.394048437222,-4.116424299066E-02));
#1371 = CARTESIAN_POINT('',(0.36553715244,-8.650632515186E-02));
#1372 = CARTESIAN_POINT('',(0.3374396937,-0.132499765615));
#1373 = CARTESIAN_POINT('',(0.297304920235,-0.202013576496));
#1374 = CARTESIAN_POINT('',(0.284277423389,-0.225130020767));
#1375 = CARTESIAN_POINT('',(0.271224002753,-0.249085633217));
#1376 = CARTESIAN_POINT('',(0.258839520369,-0.272250767543));
#1377 = CARTESIAN_POINT('',(0.246711973069,-0.295527143665));
#1378 = CARTESIAN_POINT('',(0.234363908794,-0.320051856954));
#1379 = CARTESIAN_POINT('',(0.22227293233,-0.344841290569));
#1380 = CARTESIAN_POINT('',(0.211416522799,-0.367698721956));
#1381 = CARTESIAN_POINT('',(0.20167234655,-0.388742305208));
#1382 = CARTESIAN_POINT('',(0.191191210302,-0.411943001418));
#1383 = CARTESIAN_POINT('',(0.170100311163,-0.46024683811));
#1384 = CARTESIAN_POINT('',(0.15950174177,-0.48524091707));
#1385 = CARTESIAN_POINT('',(0.148489603079,-0.512142015708));
#1386 = CARTESIAN_POINT('',(0.137700317538,-0.539563905723));
#1387 = CARTESIAN_POINT('',(0.12774711851,-0.565977523821));
#1388 = CARTESIAN_POINT('',(0.11883036244,-0.590683666549));
#1389 = CARTESIAN_POINT('',(0.110770736688,-0.613866184279));
#1390 = CARTESIAN_POINT('',(0.103257885526,-0.636141731053));
#1391 = CARTESIAN_POINT('',(9.610697678061E-02,-0.658022126977));
#1392 = CARTESIAN_POINT('',(8.93157316269E-02,-0.679705389871));
#1393 = CARTESIAN_POINT('',(7.611314838696E-02,-0.723517595857));
#1394 = CARTESIAN_POINT('',(6.971889508243E-02,-0.745733743221));
#1395 = CARTESIAN_POINT('',(6.341398141791E-02,-0.768391697226));
#1396 = CARTESIAN_POINT('',(5.707902821536E-02,-0.792148543893));
#1397 = CARTESIAN_POINT('',(5.067187463052E-02,-0.81756731616));
#1398 = CARTESIAN_POINT('',(4.426483286737E-02,-0.844744709835));
#1399 = CARTESIAN_POINT('',(3.804029876425E-02,-0.873185892251));
#1400 = CARTESIAN_POINT('',(3.224471826032E-02,-0.901926403742));
#1401 = CARTESIAN_POINT('',(2.710090973281E-02,-0.929901151805));
#1402 = CARTESIAN_POINT('',(2.267874221365E-02,-0.95656049808));
#1403 = CARTESIAN_POINT('',(1.476959674461E-02,-1.008906377988));
#1404 = CARTESIAN_POINT('',(1.128416087835E-02,-1.035699768566));
#1405 = CARTESIAN_POINT('',(8.913089069671E-03,-1.050956328012));
#1406 = CARTESIAN_POINT('',(4.318274921732E-03,-1.108250065894));
#1407 = CARTESIAN_POINT('',(7.615314816609E-03,-1.0623992194));
#1408 = CARTESIAN_POINT('',(-1.553478064968E-03,-1.167089123761));
#1409 = CARTESIAN_POINT('',(3.796184277148E-03,-1.142197067205));
#1410 = CARTESIAN_POINT('',(2.710597319245E-04,-1.158567918625));
#1411 = CARTESIAN_POINT('',(2.074679893019E-04,-1.187800743962));
#1412 = CARTESIAN_POINT('',(-5.695986979129E-14,-1.20768756628));
#1413 = CARTESIAN_POINT('',(-5.828670879282E-14,-1.221843360453));
#1414 = ( GEOMETRIC_REPRESENTATION_CONTEXT(2) 
PARAMETRIC_REPRESENTATION_CONTEXT() REPRESENTATION_CONTEXT('2D SPACE',''
  ) );
#1415 = PCURVE('',#1080,#1416);
#1416 = DEFINITIONAL_REPRESENTATION('',(#1417),#1426);
#1417 = B_SPLINE_CURVE_WITH_KNOTS('',7,(#1418,#1419,#1420,#1421,#1422,
    #1423,#1424,#1425),.UNSPECIFIED.,.F.,.F.,(8,8),(0.,1.570796326795),
  .PIECEWISE_BEZIER_KNOTS.);
#1418 = CARTESIAN_POINT('',(1.570796326795,0.));
#1419 = CARTESIAN_POINT('',(1.346397878809,0.));
#1420 = CARTESIAN_POINT('',(1.121995596329,0.));
#1421 = CARTESIAN_POINT('',(0.897599969614,0.));
#1422 = CARTESIAN_POINT('',(0.67319635718,0.));
#1423 = CARTESIAN_POINT('',(0.448800730466,0.));
#1424 = CARTESIAN_POINT('',(0.224398447986,0.));
#1425 = CARTESIAN_POINT('',(0.,0.));
#1426 = ( GEOMETRIC_REPRESENTATION_CONTEXT(2) 
PARAMETRIC_REPRESENTATION_CONTEXT() REPRESENTATION_CONTEXT('2D SPACE',''
  ) );
#1427 = ORIENTED_EDGE('',*,*,#350,.F.);
#1428 = ADVANCED_FACE('',(#1429),#338,.F.);
#1429 = FACE_BOUND('',#1430,.F.);
#1430 = EDGE_LOOP('',(#1431,#1432,#1460,#1488));
#1431 = ORIENTED_EDGE('',*,*,#322,.F.);
#1432 = ORIENTED_EDGE('',*,*,#1433,.T.);
#1433 = EDGE_CURVE('',#295,#1434,#1436,.T.);
#1434 = VERTEX_POINT('',#1435);
#1435 = CARTESIAN_POINT('',(-2.22044604925E-16,32.5,1.5));
#1436 = SURFACE_CURVE('',#1437,(#1441,#1448),.PCURVE_S1.);
#1437 = LINE('',#1438,#1439);
#1438 = CARTESIAN_POINT('',(-2.22044604925E-16,32.,1.5));
#1439 = VECTOR('',#1440,1.);
#1440 = DIRECTION('',(-0.,1.,0.));
#1441 = PCURVE('',#338,#1442);
#1442 = DEFINITIONAL_REPRESENTATION('',(#1443),#1447);
#1443 = LINE('',#1444,#1445);
#1444 = CARTESIAN_POINT('',(1.5,-32.));
#1445 = VECTOR('',#1446,1.);
#1446 = DIRECTION('',(0.,-1.));
#1447 = ( GEOMETRIC_REPRESENTATION_CONTEXT(2) 
PARAMETRIC_REPRESENTATION_CONTEXT() REPRESENTATION_CONTEXT('2D SPACE',''
  ) );
#1448 = PCURVE('',#1449,#1454);
#1449 = CYLINDRICAL_SURFACE('',#1450,1.5);
#1450 = AXIS2_PLACEMENT_3D('',#1451,#1452,#1453);
#1451 = CARTESIAN_POINT('',(1.5,32.,1.5));
#1452 = DIRECTION('',(-0.,1.,0.));
#1453 = DIRECTION('',(-1.,-0.,0.));
#1454 = DEFINITIONAL_REPRESENTATION('',(#1455),#1459);
#1455 = LINE('',#1456,#1457);
#1456 = CARTESIAN_POINT('',(-0.,0.));
#1457 = VECTOR('',#1458,1.);
#1458 = DIRECTION('',(-0.,1.));
#1459 = ( GEOMETRIC_REPRESENTATION_CONTEXT(2) 
PARAMETRIC_REPRESENTATION_CONTEXT() REPRESENTATION_CONTEXT('2D SPACE',''
  ) );
#1460 = ORIENTED_EDGE('',*,*,#1461,.T.);
#1461 = EDGE_CURVE('',#1434,#1462,#1464,.T.);
#1462 = VERTEX_POINT('',#1463);
#1463 = CARTESIAN_POINT('',(-2.22044604925E-16,32.5,3.5));
#1464 = SURFACE_CURVE('',#1465,(#1469,#1476),.PCURVE_S1.);
#1465 = LINE('',#1466,#1467);
#1466 = CARTESIAN_POINT('',(-2.22044604925E-16,32.5,0.));
#1467 = VECTOR('',#1468,1.);
#1468 = DIRECTION('',(0.,0.,1.));
#1469 = PCURVE('',#338,#1470);
#1470 = DEFINITIONAL_REPRESENTATION('',(#1471),#1475);
#1471 = LINE('',#1472,#1473);
#1472 = CARTESIAN_POINT('',(0.,-32.5));
#1473 = VECTOR('',#1474,1.);
#1474 = DIRECTION('',(1.,0.));
#1475 = ( GEOMETRIC_REPRESENTATION_CONTEXT(2) 
PARAMETRIC_REPRESENTATION_CONTEXT() REPRESENTATION_CONTEXT('2D SPACE',''
  ) );
#1476 = PCURVE('',#1477,#1482);
#1477 = CYLINDRICAL_SURFACE('',#1478,1.5);
#1478 = AXIS2_PLACEMENT_3D('',#1479,#1480,#1481);
#1479 = CARTESIAN_POINT('',(1.5,32.5,0.));
#1480 = DIRECTION('',(0.,0.,1.));
#1481 = DIRECTION('',(-1.,-0.,0.));
#1482 = DEFINITIONAL_REPRESENTATION('',(#1483),#1487);
#1483 = LINE('',#1484,#1485);
#1484 = CARTESIAN_POINT('',(-0.,0.));
#1485 = VECTOR('',#1486,1.);
#1486 = DIRECTION('',(-0.,1.));
#1487 = ( GEOMETRIC_REPRESENTATION_CONTEXT(2) 
PARAMETRIC_REPRESENTATION_CONTEXT() REPRESENTATION_CONTEXT('2D SPACE',''
  ) );
#1488 = ORIENTED_EDGE('',*,*,#1489,.F.);
#1489 = EDGE_CURVE('',#323,#1462,#1490,.T.);
#1490 = SURFACE_CURVE('',#1491,(#1495,#1502),.PCURVE_S1.);
#1491 = LINE('',#1492,#1493);
#1492 = CARTESIAN_POINT('',(-2.22044604925E-16,32.,3.5));
#1493 = VECTOR('',#1494,1.);
#1494 = DIRECTION('',(-0.,1.,0.));
#1495 = PCURVE('',#338,#1496);
#1496 = DEFINITIONAL_REPRESENTATION('',(#1497),#1501);
#1497 = LINE('',#1498,#1499);
#1498 = CARTESIAN_POINT('',(3.5,-32.));
#1499 = VECTOR('',#1500,1.);
#1500 = DIRECTION('',(0.,-1.));
#1501 = ( GEOMETRIC_REPRESENTATION_CONTEXT(2) 
PARAMETRIC_REPRESENTATION_CONTEXT() REPRESENTATION_CONTEXT('2D SPACE',''
  ) );
#1502 = PCURVE('',#1312,#1503);
#1503 = DEFINITIONAL_REPRESENTATION('',(#1504),#1508);
#1504 = LINE('',#1505,#1506);
#1505 = CARTESIAN_POINT('',(-1.570796326795,0.));
#1506 = VECTOR('',#1507,1.);
#1507 = DIRECTION('',(-0.,1.));
#1508 = ( GEOMETRIC_REPRESENTATION_CONTEXT(2) 
PARAMETRIC_REPRESENTATION_CONTEXT() REPRESENTATION_CONTEXT('2D SPACE',''
  ) );
#1509 = ADVANCED_FACE('',(#1510),#310,.T.);
#1510 = FACE_BOUND('',#1511,.F.);
#1511 = EDGE_LOOP('',(#1512,#1513,#1541,#1561));
#1512 = ORIENTED_EDGE('',*,*,#756,.T.);
#1513 = ORIENTED_EDGE('',*,*,#1514,.T.);
#1514 = EDGE_CURVE('',#729,#1515,#1517,.T.);
#1515 = VERTEX_POINT('',#1516);
#1516 = CARTESIAN_POINT('',(1.5,32.,-2.22044604925E-16));
#1517 = SURFACE_CURVE('',#1518,(#1522,#1529),.PCURVE_S1.);
#1518 = LINE('',#1519,#1520);
#1519 = CARTESIAN_POINT('',(1.5,2.,-2.22044604925E-16));
#1520 = VECTOR('',#1521,1.);
#1521 = DIRECTION('',(-0.,1.,0.));
#1522 = PCURVE('',#310,#1523);
#1523 = DEFINITIONAL_REPRESENTATION('',(#1524),#1528);
#1524 = LINE('',#1525,#1526);
#1525 = CARTESIAN_POINT('',(-1.570796326795,0.));
#1526 = VECTOR('',#1527,1.);
#1527 = DIRECTION('',(-0.,1.));
#1528 = ( GEOMETRIC_REPRESENTATION_CONTEXT(2) 
PARAMETRIC_REPRESENTATION_CONTEXT() REPRESENTATION_CONTEXT('2D SPACE',''
  ) );
#1529 = PCURVE('',#1530,#1535);
#1530 = PLANE('',#1531);
#1531 = AXIS2_PLACEMENT_3D('',#1532,#1533,#1534);
#1532 = CARTESIAN_POINT('',(0.,2.,0.));
#1533 = DIRECTION('',(0.,0.,1.));
#1534 = DIRECTION('',(1.,0.,-0.));
#1535 = DEFINITIONAL_REPRESENTATION('',(#1536),#1540);
#1536 = LINE('',#1537,#1538);
#1537 = CARTESIAN_POINT('',(1.5,0.));
#1538 = VECTOR('',#1539,1.);
#1539 = DIRECTION('',(0.,1.));
#1540 = ( GEOMETRIC_REPRESENTATION_CONTEXT(2) 
PARAMETRIC_REPRESENTATION_CONTEXT() REPRESENTATION_CONTEXT('2D SPACE',''
  ) );
#1541 = ORIENTED_EDGE('',*,*,#1542,.F.);
#1542 = EDGE_CURVE('',#295,#1515,#1543,.T.);
#1543 = SURFACE_CURVE('',#1544,(#1549,#1555),.PCURVE_S1.);
#1544 = CIRCLE('',#1545,1.5);
#1545 = AXIS2_PLACEMENT_3D('',#1546,#1547,#1548);
#1546 = CARTESIAN_POINT('',(1.5,32.,1.5));
#1547 = DIRECTION('',(0.,-1.,-0.));
#1548 = DIRECTION('',(-1.,-0.,0.));
#1549 = PCURVE('',#310,#1550);
#1550 = DEFINITIONAL_REPRESENTATION('',(#1551),#1554);
#1551 = B_SPLINE_CURVE_WITH_KNOTS('',1,(#1552,#1553),.UNSPECIFIED.,.F.,
  .F.,(2,2),(0.,1.570796326795),.PIECEWISE_BEZIER_KNOTS.);
#1552 = CARTESIAN_POINT('',(0.,30.));
#1553 = CARTESIAN_POINT('',(-1.570796326795,30.));
#1554 = ( GEOMETRIC_REPRESENTATION_CONTEXT(2) 
PARAMETRIC_REPRESENTATION_CONTEXT() REPRESENTATION_CONTEXT('2D SPACE',''
  ) );
#1555 = PCURVE('',#1449,#1556);
#1556 = DEFINITIONAL_REPRESENTATION('',(#1557),#1560);
#1557 = B_SPLINE_CURVE_WITH_KNOTS('',1,(#1558,#1559),.UNSPECIFIED.,.F.,
  .F.,(2,2),(0.,1.570796326795),.PIECEWISE_BEZIER_KNOTS.);
#1558 = CARTESIAN_POINT('',(0.,0.));
#1559 = CARTESIAN_POINT('',(-1.570796326795,0.));
#1560 = ( GEOMETRIC_REPRESENTATION_CONTEXT(2) 
PARAMETRIC_REPRESENTATION_CONTEXT() REPRESENTATION_CONTEXT('2D SPACE',''
  ) );
#1561 = ORIENTED_EDGE('',*,*,#294,.F.);
#1562 = ADVANCED_FACE('',(#1563),#716,.T.);
#1563 = FACE_BOUND('',#1564,.F.);
#1564 = EDGE_LOOP('',(#1565,#1566,#1591));
#1565 = ORIENTED_EDGE('',*,*,#989,.F.);
#1566 = ORIENTED_EDGE('',*,*,#1567,.T.);
#1567 = EDGE_CURVE('',#990,#700,#1568,.T.);
#1568 = SURFACE_CURVE('',#1569,(#1574,#1580),.PCURVE_S1.);
#1569 = CIRCLE('',#1570,1.5);
#1570 = AXIS2_PLACEMENT_3D('',#1571,#1572,#1573);
#1571 = CARTESIAN_POINT('',(1.5,1.5,1.5));
#1572 = DIRECTION('',(1.,0.,-6.123233995737E-17));
#1573 = DIRECTION('',(-6.123233995737E-17,-0.,-1.));
#1574 = PCURVE('',#716,#1575);
#1575 = DEFINITIONAL_REPRESENTATION('',(#1576),#1579);
#1576 = B_SPLINE_CURVE_WITH_KNOTS('',1,(#1577,#1578),.UNSPECIFIED.,.F.,
  .F.,(2,2),(4.712388980385,6.28318530718),.PIECEWISE_BEZIER_KNOTS.);
#1577 = CARTESIAN_POINT('',(-1.570796326795,-1.570796326795));
#1578 = CARTESIAN_POINT('',(-1.570796326795,0.));
#1579 = ( GEOMETRIC_REPRESENTATION_CONTEXT(2) 
PARAMETRIC_REPRESENTATION_CONTEXT() REPRESENTATION_CONTEXT('2D SPACE',''
  ) );
#1580 = PCURVE('',#1581,#1586);
#1581 = CYLINDRICAL_SURFACE('',#1582,1.5);
#1582 = AXIS2_PLACEMENT_3D('',#1583,#1584,#1585);
#1583 = CARTESIAN_POINT('',(0.,1.5,1.5));
#1584 = DIRECTION('',(1.,0.,-0.));
#1585 = DIRECTION('',(0.,-0.,-1.));
#1586 = DEFINITIONAL_REPRESENTATION('',(#1587),#1590);
#1587 = B_SPLINE_CURVE_WITH_KNOTS('',1,(#1588,#1589),.UNSPECIFIED.,.F.,
  .F.,(2,2),(4.712388980385,6.28318530718),.PIECEWISE_BEZIER_KNOTS.);
#1588 = CARTESIAN_POINT('',(-1.570796326795,1.5));
#1589 = CARTESIAN_POINT('',(0.,1.5));
#1590 = ( GEOMETRIC_REPRESENTATION_CONTEXT(2) 
PARAMETRIC_REPRESENTATION_CONTEXT() REPRESENTATION_CONTEXT('2D SPACE',''
  ) );
#1591 = ORIENTED_EDGE('',*,*,#699,.F.);
#1592 = ADVANCED_FACE('',(#1593,#1763,#1794),#744,.F.);
#1593 = FACE_BOUND('',#1594,.F.);
#1594 = EDGE_LOOP('',(#1595,#1618,#1619,#1642,#1670,#1698,#1719,#1742));
#1595 = ORIENTED_EDGE('',*,*,#1596,.F.);
#1596 = EDGE_CURVE('',#729,#1597,#1599,.T.);
#1597 = VERTEX_POINT('',#1598);
#1598 = CARTESIAN_POINT('',(5.,2.,0.));
#1599 = SURFACE_CURVE('',#1600,(#1604,#1611),.PCURVE_S1.);
#1600 = LINE('',#1601,#1602);
#1601 = CARTESIAN_POINT('',(0.,2.,0.));
#1602 = VECTOR('',#1603,1.);
#1603 = DIRECTION('',(1.,0.,-0.));
#1604 = PCURVE('',#744,#1605);
#1605 = DEFINITIONAL_REPRESENTATION('',(#1606),#1610);
#1606 = LINE('',#1607,#1608);
#1607 = CARTESIAN_POINT('',(0.,2.));
#1608 = VECTOR('',#1609,1.);
#1609 = DIRECTION('',(1.,0.));
#1610 = ( GEOMETRIC_REPRESENTATION_CONTEXT(2) 
PARAMETRIC_REPRESENTATION_CONTEXT() REPRESENTATION_CONTEXT('2D SPACE',''
  ) );
#1611 = PCURVE('',#1530,#1612);
#1612 = DEFINITIONAL_REPRESENTATION('',(#1613),#1617);
#1613 = LINE('',#1614,#1615);
#1614 = CARTESIAN_POINT('',(0.,0.));
#1615 = VECTOR('',#1616,1.);
#1616 = DIRECTION('',(1.,0.));
#1617 = ( GEOMETRIC_REPRESENTATION_CONTEXT(2) 
PARAMETRIC_REPRESENTATION_CONTEXT() REPRESENTATION_CONTEXT('2D SPACE',''
  ) );
#1618 = ORIENTED_EDGE('',*,*,#728,.F.);
#1619 = ORIENTED_EDGE('',*,*,#1620,.T.);
#1620 = EDGE_CURVE('',#700,#1621,#1623,.T.);
#1621 = VERTEX_POINT('',#1622);
#1622 = CARTESIAN_POINT('',(38.5,1.5,-2.22044604925E-16));
#1623 = SURFACE_CURVE('',#1624,(#1628,#1635),.PCURVE_S1.);
#1624 = LINE('',#1625,#1626);
#1625 = CARTESIAN_POINT('',(0.,1.5,-2.22044604925E-16));
#1626 = VECTOR('',#1627,1.);
#1627 = DIRECTION('',(1.,0.,-0.));
#1628 = PCURVE('',#744,#1629);
#1629 = DEFINITIONAL_REPRESENTATION('',(#1630),#1634);
#1630 = LINE('',#1631,#1632);
#1631 = CARTESIAN_POINT('',(0.,1.5));
#1632 = VECTOR('',#1633,1.);
#1633 = DIRECTION('',(1.,0.));
#1634 = ( GEOMETRIC_REPRESENTATION_CONTEXT(2) 
PARAMETRIC_REPRESENTATION_CONTEXT() REPRESENTATION_CONTEXT('2D SPACE',''
  ) );
#1635 = PCURVE('',#1581,#1636);
#1636 = DEFINITIONAL_REPRESENTATION('',(#1637),#1641);
#1637 = LINE('',#1638,#1639);
#1638 = CARTESIAN_POINT('',(-0.,0.));
#1639 = VECTOR('',#1640,1.);
#1640 = DIRECTION('',(-0.,1.));
#1641 = ( GEOMETRIC_REPRESENTATION_CONTEXT(2) 
PARAMETRIC_REPRESENTATION_CONTEXT() REPRESENTATION_CONTEXT('2D SPACE',''
  ) );
#1642 = ORIENTED_EDGE('',*,*,#1643,.T.);
#1643 = EDGE_CURVE('',#1621,#1644,#1646,.T.);
#1644 = VERTEX_POINT('',#1645);
#1645 = CARTESIAN_POINT('',(38.5,32.5,-2.22044604925E-16));
#1646 = SURFACE_CURVE('',#1647,(#1651,#1658),.PCURVE_S1.);
#1647 = LINE('',#1648,#1649);
#1648 = CARTESIAN_POINT('',(38.5,0.,-2.22044604925E-16));
#1649 = VECTOR('',#1650,1.);
#1650 = DIRECTION('',(-0.,1.,0.));
#1651 = PCURVE('',#744,#1652);
#1652 = DEFINITIONAL_REPRESENTATION('',(#1653),#1657);
#1653 = LINE('',#1654,#1655);
#1654 = CARTESIAN_POINT('',(38.5,0.));
#1655 = VECTOR('',#1656,1.);
#1656 = DIRECTION('',(0.,1.));
#1657 = ( GEOMETRIC_REPRESENTATION_CONTEXT(2) 
PARAMETRIC_REPRESENTATION_CONTEXT() REPRESENTATION_CONTEXT('2D SPACE',''
  ) );
#1658 = PCURVE('',#1659,#1664);
#1659 = CYLINDRICAL_SURFACE('',#1660,1.5);
#1660 = AXIS2_PLACEMENT_3D('',#1661,#1662,#1663);
#1661 = CARTESIAN_POINT('',(38.5,0.,1.5));
#1662 = DIRECTION('',(-0.,1.,0.));
#1663 = DIRECTION('',(-0.,0.,-1.));
#1664 = DEFINITIONAL_REPRESENTATION('',(#1665),#1669);
#1665 = LINE('',#1666,#1667);
#1666 = CARTESIAN_POINT('',(-0.,0.));
#1667 = VECTOR('',#1668,1.);
#1668 = DIRECTION('',(-0.,1.));
#1669 = ( GEOMETRIC_REPRESENTATION_CONTEXT(2) 
PARAMETRIC_REPRESENTATION_CONTEXT() REPRESENTATION_CONTEXT('2D SPACE',''
  ) );
#1670 = ORIENTED_EDGE('',*,*,#1671,.F.);
#1671 = EDGE_CURVE('',#1672,#1644,#1674,.T.);
#1672 = VERTEX_POINT('',#1673);
#1673 = CARTESIAN_POINT('',(1.5,32.5,-2.22044604925E-16));
#1674 = SURFACE_CURVE('',#1675,(#1679,#1686),.PCURVE_S1.);
#1675 = LINE('',#1676,#1677);
#1676 = CARTESIAN_POINT('',(0.,32.5,-2.22044604925E-16));
#1677 = VECTOR('',#1678,1.);
#1678 = DIRECTION('',(1.,0.,-0.));
#1679 = PCURVE('',#744,#1680);
#1680 = DEFINITIONAL_REPRESENTATION('',(#1681),#1685);
#1681 = LINE('',#1682,#1683);
#1682 = CARTESIAN_POINT('',(0.,32.5));
#1683 = VECTOR('',#1684,1.);
#1684 = DIRECTION('',(1.,0.));
#1685 = ( GEOMETRIC_REPRESENTATION_CONTEXT(2) 
PARAMETRIC_REPRESENTATION_CONTEXT() REPRESENTATION_CONTEXT('2D SPACE',''
  ) );
#1686 = PCURVE('',#1687,#1692);
#1687 = CYLINDRICAL_SURFACE('',#1688,1.5);
#1688 = AXIS2_PLACEMENT_3D('',#1689,#1690,#1691);
#1689 = CARTESIAN_POINT('',(0.,32.5,1.5));
#1690 = DIRECTION('',(1.,0.,-0.));
#1691 = DIRECTION('',(0.,-0.,-1.));
#1692 = DEFINITIONAL_REPRESENTATION('',(#1693),#1697);
#1693 = LINE('',#1694,#1695);
#1694 = CARTESIAN_POINT('',(0.,0.));
#1695 = VECTOR('',#1696,1.);
#1696 = DIRECTION('',(0.,1.));
#1697 = ( GEOMETRIC_REPRESENTATION_CONTEXT(2) 
PARAMETRIC_REPRESENTATION_CONTEXT() REPRESENTATION_CONTEXT('2D SPACE',''
  ) );
#1698 = ORIENTED_EDGE('',*,*,#1699,.F.);
#1699 = EDGE_CURVE('',#1515,#1672,#1700,.T.);
#1700 = SURFACE_CURVE('',#1701,(#1705,#1712),.PCURVE_S1.);
#1701 = LINE('',#1702,#1703);
#1702 = CARTESIAN_POINT('',(1.5,32.,-2.22044604925E-16));
#1703 = VECTOR('',#1704,1.);
#1704 = DIRECTION('',(-0.,1.,0.));
#1705 = PCURVE('',#744,#1706);
#1706 = DEFINITIONAL_REPRESENTATION('',(#1707),#1711);
#1707 = LINE('',#1708,#1709);
#1708 = CARTESIAN_POINT('',(1.5,32.));
#1709 = VECTOR('',#1710,1.);
#1710 = DIRECTION('',(0.,1.));
#1711 = ( GEOMETRIC_REPRESENTATION_CONTEXT(2) 
PARAMETRIC_REPRESENTATION_CONTEXT() REPRESENTATION_CONTEXT('2D SPACE',''
  ) );
#1712 = PCURVE('',#1449,#1713);
#1713 = DEFINITIONAL_REPRESENTATION('',(#1714),#1718);
#1714 = LINE('',#1715,#1716);
#1715 = CARTESIAN_POINT('',(-1.570796326795,0.));
#1716 = VECTOR('',#1717,1.);
#1717 = DIRECTION('',(-0.,1.));
#1718 = ( GEOMETRIC_REPRESENTATION_CONTEXT(2) 
PARAMETRIC_REPRESENTATION_CONTEXT() REPRESENTATION_CONTEXT('2D SPACE',''
  ) );
#1719 = ORIENTED_EDGE('',*,*,#1720,.T.);
#1720 = EDGE_CURVE('',#1515,#1721,#1723,.T.);
#1721 = VERTEX_POINT('',#1722);
#1722 = CARTESIAN_POINT('',(5.,32.,0.));
#1723 = SURFACE_CURVE('',#1724,(#1728,#1735),.PCURVE_S1.);
#1724 = LINE('',#1725,#1726);
#1725 = CARTESIAN_POINT('',(0.,32.,0.));
#1726 = VECTOR('',#1727,1.);
#1727 = DIRECTION('',(1.,0.,-0.));
#1728 = PCURVE('',#744,#1729);
#1729 = DEFINITIONAL_REPRESENTATION('',(#1730),#1734);
#1730 = LINE('',#1731,#1732);
#1731 = CARTESIAN_POINT('',(0.,32.));
#1732 = VECTOR('',#1733,1.);
#1733 = DIRECTION('',(1.,0.));
#1734 = ( GEOMETRIC_REPRESENTATION_CONTEXT(2) 
PARAMETRIC_REPRESENTATION_CONTEXT() REPRESENTATION_CONTEXT('2D SPACE',''
  ) );
#1735 = PCURVE('',#1530,#1736);
#1736 = DEFINITIONAL_REPRESENTATION('',(#1737),#1741);
#1737 = LINE('',#1738,#1739);
#1738 = CARTESIAN_POINT('',(0.,30.));
#1739 = VECTOR('',#1740,1.);
#1740 = DIRECTION('',(1.,0.));
#1741 = ( GEOMETRIC_REPRESENTATION_CONTEXT(2) 
PARAMETRIC_REPRESENTATION_CONTEXT() REPRESENTATION_CONTEXT('2D SPACE',''
  ) );
#1742 = ORIENTED_EDGE('',*,*,#1743,.F.);
#1743 = EDGE_CURVE('',#1597,#1721,#1744,.T.);
#1744 = SURFACE_CURVE('',#1745,(#1749,#1756),.PCURVE_S1.);
#1745 = LINE('',#1746,#1747);
#1746 = CARTESIAN_POINT('',(5.,2.,0.));
#1747 = VECTOR('',#1748,1.);
#1748 = DIRECTION('',(-0.,1.,0.));
#1749 = PCURVE('',#744,#1750);
#1750 = DEFINITIONAL_REPRESENTATION('',(#1751),#1755);
#1751 = LINE('',#1752,#1753);
#1752 = CARTESIAN_POINT('',(5.,2.));
#1753 = VECTOR('',#1754,1.);
#1754 = DIRECTION('',(0.,1.));
#1755 = ( GEOMETRIC_REPRESENTATION_CONTEXT(2) 
PARAMETRIC_REPRESENTATION_CONTEXT() REPRESENTATION_CONTEXT('2D SPACE',''
  ) );
#1756 = PCURVE('',#1530,#1757);
#1757 = DEFINITIONAL_REPRESENTATION('',(#1758),#1762);
#1758 = LINE('',#1759,#1760);
#1759 = CARTESIAN_POINT('',(5.,0.));
#1760 = VECTOR('',#1761,1.);
#1761 = DIRECTION('',(0.,1.));
#1762 = ( GEOMETRIC_REPRESENTATION_CONTEXT(2) 
PARAMETRIC_REPRESENTATION_CONTEXT() REPRESENTATION_CONTEXT('2D SPACE',''
  ) );
#1763 = FACE_BOUND('',#1764,.F.);
#1764 = EDGE_LOOP('',(#1765));
#1765 = ORIENTED_EDGE('',*,*,#1766,.F.);
#1766 = EDGE_CURVE('',#1767,#1767,#1769,.T.);
#1767 = VERTEX_POINT('',#1768);
#1768 = CARTESIAN_POINT('',(18.5,9.,0.));
#1769 = SURFACE_CURVE('',#1770,(#1775,#1782),.PCURVE_S1.);
#1770 = CIRCLE('',#1771,2.5);
#1771 = AXIS2_PLACEMENT_3D('',#1772,#1773,#1774);
#1772 = CARTESIAN_POINT('',(16.,9.,0.));
#1773 = DIRECTION('',(0.,0.,1.));
#1774 = DIRECTION('',(1.,0.,-0.));
#1775 = PCURVE('',#744,#1776);
#1776 = DEFINITIONAL_REPRESENTATION('',(#1777),#1781);
#1777 = CIRCLE('',#1778,2.5);
#1778 = AXIS2_PLACEMENT_2D('',#1779,#1780);
#1779 = CARTESIAN_POINT('',(16.,9.));
#1780 = DIRECTION('',(1.,0.));
#1781 = ( GEOMETRIC_REPRESENTATION_CONTEXT(2) 
PARAMETRIC_REPRESENTATION_CONTEXT() REPRESENTATION_CONTEXT('2D SPACE',''
  ) );
#1782 = PCURVE('',#1783,#1788);
#1783 = CYLINDRICAL_SURFACE('',#1784,2.5);
#1784 = AXIS2_PLACEMENT_3D('',#1785,#1786,#1787);
#1785 = CARTESIAN_POINT('',(16.,9.,-1.));
#1786 = DIRECTION('',(0.,0.,1.));
#1787 = DIRECTION('',(1.,0.,-0.));
#1788 = DEFINITIONAL_REPRESENTATION('',(#1789),#1793);
#1789 = LINE('',#1790,#1791);
#1790 = CARTESIAN_POINT('',(0.,1.));
#1791 = VECTOR('',#1792,1.);
#1792 = DIRECTION('',(1.,0.));
#1793 = ( GEOMETRIC_REPRESENTATION_CONTEXT(2) 
PARAMETRIC_REPRESENTATION_CONTEXT() REPRESENTATION_CONTEXT('2D SPACE',''
  ) );
#1794 = FACE_BOUND('',#1795,.F.);
#1795 = EDGE_LOOP('',(#1796));
#1796 = ORIENTED_EDGE('',*,*,#1797,.F.);
#1797 = EDGE_CURVE('',#1798,#1798,#1800,.T.);
#1798 = VERTEX_POINT('',#1799);
#1799 = CARTESIAN_POINT('',(32.5,25.,0.));
#1800 = SURFACE_CURVE('',#1801,(#1806,#1813),.PCURVE_S1.);
#1801 = CIRCLE('',#1802,2.5);
#1802 = AXIS2_PLACEMENT_3D('',#1803,#1804,#1805);
#1803 = CARTESIAN_POINT('',(30.,25.,0.));
#1804 = DIRECTION('',(0.,0.,1.));
#1805 = DIRECTION('',(1.,0.,-0.));
#1806 = PCURVE('',#744,#1807);
#1807 = DEFINITIONAL_REPRESENTATION('',(#1808),#1812);
#1808 = CIRCLE('',#1809,2.5);
#1809 = AXIS2_PLACEMENT_2D('',#1810,#1811);
#1810 = CARTESIAN_POINT('',(30.,25.));
#1811 = DIRECTION('',(1.,0.));
#1812 = ( GEOMETRIC_REPRESENTATION_CONTEXT(2) 
PARAMETRIC_REPRESENTATION_CONTEXT() REPRESENTATION_CONTEXT('2D SPACE',''
  ) );
#1813 = PCURVE('',#1814,#1819);
#1814 = CYLINDRICAL_SURFACE('',#1815,2.5);
#1815 = AXIS2_PLACEMENT_3D('',#1816,#1817,#1818);
#1816 = CARTESIAN_POINT('',(30.,25.,-1.));
#1817 = DIRECTION('',(0.,0.,1.));
#1818 = DIRECTION('',(1.,0.,-0.));
#1819 = DEFINITIONAL_REPRESENTATION('',(#1820),#1824);
#1820 = LINE('',#1821,#1822);
#1821 = CARTESIAN_POINT('',(0.,1.));
#1822 = VECTOR('',#1823,1.);
#1823 = DIRECTION('',(1.,0.));
#1824 = ( GEOMETRIC_REPRESENTATION_CONTEXT(2) 
PARAMETRIC_REPRESENTATION_CONTEXT() REPRESENTATION_CONTEXT('2D SPACE',''
  ) );
#1825 = ADVANCED_FACE('',(#1826),#797,.T.);
#1826 = FACE_BOUND('',#1827,.T.);
#1827 = EDGE_LOOP('',(#1828,#1829,#1854));
#1828 = ORIENTED_EDGE('',*,*,#1039,.F.);
#1829 = ORIENTED_EDGE('',*,*,#1830,.T.);
#1830 = EDGE_CURVE('',#1012,#781,#1831,.T.);
#1831 = SURFACE_CURVE('',#1832,(#1837,#1843),.PCURVE_S1.);
#1832 = CIRCLE('',#1833,1.5);
#1833 = AXIS2_PLACEMENT_3D('',#1834,#1835,#1836);
#1834 = CARTESIAN_POINT('',(1.5,1.5,3.5));
#1835 = DIRECTION('',(-1.,0.,-6.123233995737E-17));
#1836 = DIRECTION('',(-6.123233995737E-17,0.,1.));
#1837 = PCURVE('',#797,#1838);
#1838 = DEFINITIONAL_REPRESENTATION('',(#1839),#1842);
#1839 = B_SPLINE_CURVE_WITH_KNOTS('',1,(#1840,#1841),.UNSPECIFIED.,.F.,
  .F.,(2,2),(4.712388980385,6.28318530718),.PIECEWISE_BEZIER_KNOTS.);
#1840 = CARTESIAN_POINT('',(1.570796326795,-1.570796326795));
#1841 = CARTESIAN_POINT('',(1.570796326795,0.));
#1842 = ( GEOMETRIC_REPRESENTATION_CONTEXT(2) 
PARAMETRIC_REPRESENTATION_CONTEXT() REPRESENTATION_CONTEXT('2D SPACE',''
  ) );
#1843 = PCURVE('',#1844,#1849);
#1844 = CYLINDRICAL_SURFACE('',#1845,1.5);
#1845 = AXIS2_PLACEMENT_3D('',#1846,#1847,#1848);
#1846 = CARTESIAN_POINT('',(0.,1.5,3.5));
#1847 = DIRECTION('',(1.,0.,-0.));
#1848 = DIRECTION('',(0.,0.,1.));
#1849 = DEFINITIONAL_REPRESENTATION('',(#1850),#1853);
#1850 = B_SPLINE_CURVE_WITH_KNOTS('',1,(#1851,#1852),.UNSPECIFIED.,.F.,
  .F.,(2,2),(4.712388980385,6.28318530718),.PIECEWISE_BEZIER_KNOTS.);
#1851 = CARTESIAN_POINT('',(1.570796326795,1.5));
#1852 = CARTESIAN_POINT('',(0.,1.5));
#1853 = ( GEOMETRIC_REPRESENTATION_CONTEXT(2) 
PARAMETRIC_REPRESENTATION_CONTEXT() REPRESENTATION_CONTEXT('2D SPACE',''
  ) );
#1854 = ORIENTED_EDGE('',*,*,#780,.F.);
#1855 = ADVANCED_FACE('',(#1856,#2093,#2119),#825,.T.);
#1856 = FACE_BOUND('',#1857,.T.);
#1857 = EDGE_LOOP('',(#1858,#1884,#1885,#1908,#1936,#1964,#1985,#2011,
    #2040,#2066));
#1858 = ORIENTED_EDGE('',*,*,#1859,.T.);
#1859 = EDGE_CURVE('',#1860,#810,#1862,.T.);
#1860 = VERTEX_POINT('',#1861);
#1861 = CARTESIAN_POINT('',(3.5,2.,5.));
#1862 = SURFACE_CURVE('',#1863,(#1867,#1873),.PCURVE_S1.);
#1863 = LINE('',#1864,#1865);
#1864 = CARTESIAN_POINT('',(0.,2.,5.));
#1865 = VECTOR('',#1866,1.);
#1866 = DIRECTION('',(-1.,-0.,0.));
#1867 = PCURVE('',#825,#1868);
#1868 = DEFINITIONAL_REPRESENTATION('',(#1869),#1872);
#1869 = B_SPLINE_CURVE_WITH_KNOTS('',1,(#1870,#1871),.UNSPECIFIED.,.F.,
  .F.,(2,2),(-5.,0.),.PIECEWISE_BEZIER_KNOTS.);
#1870 = CARTESIAN_POINT('',(5.,2.));
#1871 = CARTESIAN_POINT('',(0.,2.));
#1872 = ( GEOMETRIC_REPRESENTATION_CONTEXT(2) 
PARAMETRIC_REPRESENTATION_CONTEXT() REPRESENTATION_CONTEXT('2D SPACE',''
  ) );
#1873 = PCURVE('',#1874,#1879);
#1874 = PLANE('',#1875);
#1875 = AXIS2_PLACEMENT_3D('',#1876,#1877,#1878);
#1876 = CARTESIAN_POINT('',(0.,2.,0.));
#1877 = DIRECTION('',(-0.,1.,0.));
#1878 = DIRECTION('',(0.,0.,1.));
#1879 = DEFINITIONAL_REPRESENTATION('',(#1880),#1883);
#1880 = B_SPLINE_CURVE_WITH_KNOTS('',1,(#1881,#1882),.UNSPECIFIED.,.F.,
  .F.,(2,2),(-5.,0.),.PIECEWISE_BEZIER_KNOTS.);
#1881 = CARTESIAN_POINT('',(5.,5.));
#1882 = CARTESIAN_POINT('',(5.,0.));
#1883 = ( GEOMETRIC_REPRESENTATION_CONTEXT(2) 
PARAMETRIC_REPRESENTATION_CONTEXT() REPRESENTATION_CONTEXT('2D SPACE',''
  ) );
#1884 = ORIENTED_EDGE('',*,*,#809,.F.);
#1885 = ORIENTED_EDGE('',*,*,#1886,.T.);
#1886 = EDGE_CURVE('',#781,#1887,#1889,.T.);
#1887 = VERTEX_POINT('',#1888);
#1888 = CARTESIAN_POINT('',(38.5,1.5,5.));
#1889 = SURFACE_CURVE('',#1890,(#1894,#1901),.PCURVE_S1.);
#1890 = LINE('',#1891,#1892);
#1891 = CARTESIAN_POINT('',(0.,1.5,5.));
#1892 = VECTOR('',#1893,1.);
#1893 = DIRECTION('',(1.,0.,-0.));
#1894 = PCURVE('',#825,#1895);
#1895 = DEFINITIONAL_REPRESENTATION('',(#1896),#1900);
#1896 = LINE('',#1897,#1898);
#1897 = CARTESIAN_POINT('',(0.,1.5));
#1898 = VECTOR('',#1899,1.);
#1899 = DIRECTION('',(1.,0.));
#1900 = ( GEOMETRIC_REPRESENTATION_CONTEXT(2) 
PARAMETRIC_REPRESENTATION_CONTEXT() REPRESENTATION_CONTEXT('2D SPACE',''
  ) );
#1901 = PCURVE('',#1844,#1902);
#1902 = DEFINITIONAL_REPRESENTATION('',(#1903),#1907);
#1903 = LINE('',#1904,#1905);
#1904 = CARTESIAN_POINT('',(0.,0.));
#1905 = VECTOR('',#1906,1.);
#1906 = DIRECTION('',(0.,1.));
#1907 = ( GEOMETRIC_REPRESENTATION_CONTEXT(2) 
PARAMETRIC_REPRESENTATION_CONTEXT() REPRESENTATION_CONTEXT('2D SPACE',''
  ) );
#1908 = ORIENTED_EDGE('',*,*,#1909,.T.);
#1909 = EDGE_CURVE('',#1887,#1910,#1912,.T.);
#1910 = VERTEX_POINT('',#1911);
#1911 = CARTESIAN_POINT('',(38.5,32.5,5.));
#1912 = SURFACE_CURVE('',#1913,(#1917,#1924),.PCURVE_S1.);
#1913 = LINE('',#1914,#1915);
#1914 = CARTESIAN_POINT('',(38.5,0.,5.));
#1915 = VECTOR('',#1916,1.);
#1916 = DIRECTION('',(-0.,1.,0.));
#1917 = PCURVE('',#825,#1918);
#1918 = DEFINITIONAL_REPRESENTATION('',(#1919),#1923);
#1919 = LINE('',#1920,#1921);
#1920 = CARTESIAN_POINT('',(38.5,0.));
#1921 = VECTOR('',#1922,1.);
#1922 = DIRECTION('',(0.,1.));
#1923 = ( GEOMETRIC_REPRESENTATION_CONTEXT(2) 
PARAMETRIC_REPRESENTATION_CONTEXT() REPRESENTATION_CONTEXT('2D SPACE',''
  ) );
#1924 = PCURVE('',#1925,#1930);
#1925 = CYLINDRICAL_SURFACE('',#1926,1.5);
#1926 = AXIS2_PLACEMENT_3D('',#1927,#1928,#1929);
#1927 = CARTESIAN_POINT('',(38.5,0.,3.5));
#1928 = DIRECTION('',(-0.,1.,0.));
#1929 = DIRECTION('',(0.,0.,1.));
#1930 = DEFINITIONAL_REPRESENTATION('',(#1931),#1935);
#1931 = LINE('',#1932,#1933);
#1932 = CARTESIAN_POINT('',(0.,0.));
#1933 = VECTOR('',#1934,1.);
#1934 = DIRECTION('',(0.,1.));
#1935 = ( GEOMETRIC_REPRESENTATION_CONTEXT(2) 
PARAMETRIC_REPRESENTATION_CONTEXT() REPRESENTATION_CONTEXT('2D SPACE',''
  ) );
#1936 = ORIENTED_EDGE('',*,*,#1937,.F.);
#1937 = EDGE_CURVE('',#1938,#1910,#1940,.T.);
#1938 = VERTEX_POINT('',#1939);
#1939 = CARTESIAN_POINT('',(1.5,32.5,5.));
#1940 = SURFACE_CURVE('',#1941,(#1945,#1952),.PCURVE_S1.);
#1941 = LINE('',#1942,#1943);
#1942 = CARTESIAN_POINT('',(0.,32.5,5.));
#1943 = VECTOR('',#1944,1.);
#1944 = DIRECTION('',(1.,0.,-0.));
#1945 = PCURVE('',#825,#1946);
#1946 = DEFINITIONAL_REPRESENTATION('',(#1947),#1951);
#1947 = LINE('',#1948,#1949);
#1948 = CARTESIAN_POINT('',(0.,32.5));
#1949 = VECTOR('',#1950,1.);
#1950 = DIRECTION('',(1.,0.));
#1951 = ( GEOMETRIC_REPRESENTATION_CONTEXT(2) 
PARAMETRIC_REPRESENTATION_CONTEXT() REPRESENTATION_CONTEXT('2D SPACE',''
  ) );
#1952 = PCURVE('',#1953,#1958);
#1953 = CYLINDRICAL_SURFACE('',#1954,1.5);
#1954 = AXIS2_PLACEMENT_3D('',#1955,#1956,#1957);
#1955 = CARTESIAN_POINT('',(0.,32.5,3.5));
#1956 = DIRECTION('',(1.,0.,-0.));
#1957 = DIRECTION('',(0.,0.,1.));
#1958 = DEFINITIONAL_REPRESENTATION('',(#1959),#1963);
#1959 = LINE('',#1960,#1961);
#1960 = CARTESIAN_POINT('',(-0.,0.));
#1961 = VECTOR('',#1962,1.);
#1962 = DIRECTION('',(-0.,1.));
#1963 = ( GEOMETRIC_REPRESENTATION_CONTEXT(2) 
PARAMETRIC_REPRESENTATION_CONTEXT() REPRESENTATION_CONTEXT('2D SPACE',''
  ) );
#1964 = ORIENTED_EDGE('',*,*,#1965,.F.);
#1965 = EDGE_CURVE('',#1224,#1938,#1966,.T.);
#1966 = SURFACE_CURVE('',#1967,(#1971,#1978),.PCURVE_S1.);
#1967 = LINE('',#1968,#1969);
#1968 = CARTESIAN_POINT('',(1.5,32.,5.));
#1969 = VECTOR('',#1970,1.);
#1970 = DIRECTION('',(-0.,1.,0.));
#1971 = PCURVE('',#825,#1972);
#1972 = DEFINITIONAL_REPRESENTATION('',(#1973),#1977);
#1973 = LINE('',#1974,#1975);
#1974 = CARTESIAN_POINT('',(1.5,32.));
#1975 = VECTOR('',#1976,1.);
#1976 = DIRECTION('',(0.,1.));
#1977 = ( GEOMETRIC_REPRESENTATION_CONTEXT(2) 
PARAMETRIC_REPRESENTATION_CONTEXT() REPRESENTATION_CONTEXT('2D SPACE',''
  ) );
#1978 = PCURVE('',#1312,#1979);
#1979 = DEFINITIONAL_REPRESENTATION('',(#1980),#1984);
#1980 = LINE('',#1981,#1982);
#1981 = CARTESIAN_POINT('',(-0.,0.));
#1982 = VECTOR('',#1983,1.);
#1983 = DIRECTION('',(-0.,1.));
#1984 = ( GEOMETRIC_REPRESENTATION_CONTEXT(2) 
PARAMETRIC_REPRESENTATION_CONTEXT() REPRESENTATION_CONTEXT('2D SPACE',''
  ) );
#1985 = ORIENTED_EDGE('',*,*,#1986,.F.);
#1986 = EDGE_CURVE('',#1987,#1224,#1989,.T.);
#1987 = VERTEX_POINT('',#1988);
#1988 = CARTESIAN_POINT('',(3.5,32.,5.));
#1989 = SURFACE_CURVE('',#1990,(#1994,#2000),.PCURVE_S1.);
#1990 = LINE('',#1991,#1992);
#1991 = CARTESIAN_POINT('',(0.,32.,5.));
#1992 = VECTOR('',#1993,1.);
#1993 = DIRECTION('',(-1.,-0.,0.));
#1994 = PCURVE('',#825,#1995);
#1995 = DEFINITIONAL_REPRESENTATION('',(#1996),#1999);
#1996 = B_SPLINE_CURVE_WITH_KNOTS('',1,(#1997,#1998),.UNSPECIFIED.,.F.,
  .F.,(2,2),(-5.,0.),.PIECEWISE_BEZIER_KNOTS.);
#1997 = CARTESIAN_POINT('',(5.,32.));
#1998 = CARTESIAN_POINT('',(0.,32.));
#1999 = ( GEOMETRIC_REPRESENTATION_CONTEXT(2) 
PARAMETRIC_REPRESENTATION_CONTEXT() REPRESENTATION_CONTEXT('2D SPACE',''
  ) );
#2000 = PCURVE('',#2001,#2006);
#2001 = PLANE('',#2002);
#2002 = AXIS2_PLACEMENT_3D('',#2003,#2004,#2005);
#2003 = CARTESIAN_POINT('',(0.,32.,0.));
#2004 = DIRECTION('',(-0.,1.,0.));
#2005 = DIRECTION('',(0.,0.,1.));
#2006 = DEFINITIONAL_REPRESENTATION('',(#2007),#2010);
#2007 = B_SPLINE_CURVE_WITH_KNOTS('',1,(#2008,#2009),.UNSPECIFIED.,.F.,
  .F.,(2,2),(-5.,0.),.PIECEWISE_BEZIER_KNOTS.);
#2008 = CARTESIAN_POINT('',(5.,5.));
#2009 = CARTESIAN_POINT('',(5.,0.));
#2010 = ( GEOMETRIC_REPRESENTATION_CONTEXT(2) 
PARAMETRIC_REPRESENTATION_CONTEXT() REPRESENTATION_CONTEXT('2D SPACE',''
  ) );
#2011 = ORIENTED_EDGE('',*,*,#2012,.F.);
#2012 = EDGE_CURVE('',#2013,#1987,#2015,.T.);
#2013 = VERTEX_POINT('',#2014);
#2014 = CARTESIAN_POINT('',(5.,30.5,5.));
#2015 = SURFACE_CURVE('',#2016,(#2021,#2028),.PCURVE_S1.);
#2016 = CIRCLE('',#2017,1.5);
#2017 = AXIS2_PLACEMENT_3D('',#2018,#2019,#2020);
#2018 = CARTESIAN_POINT('',(3.5,30.5,5.));
#2019 = DIRECTION('',(0.,0.,1.));
#2020 = DIRECTION('',(0.,-1.,0.));
#2021 = PCURVE('',#825,#2022);
#2022 = DEFINITIONAL_REPRESENTATION('',(#2023),#2027);
#2023 = CIRCLE('',#2024,1.5);
#2024 = AXIS2_PLACEMENT_2D('',#2025,#2026);
#2025 = CARTESIAN_POINT('',(3.5,30.5));
#2026 = DIRECTION('',(0.,-1.));
#2027 = ( GEOMETRIC_REPRESENTATION_CONTEXT(2) 
PARAMETRIC_REPRESENTATION_CONTEXT() REPRESENTATION_CONTEXT('2D SPACE',''
  ) );
#2028 = PCURVE('',#2029,#2034);
#2029 = CYLINDRICAL_SURFACE('',#2030,1.5);
#2030 = AXIS2_PLACEMENT_3D('',#2031,#2032,#2033);
#2031 = CARTESIAN_POINT('',(3.5,30.5,5.));
#2032 = DIRECTION('',(0.,0.,1.));
#2033 = DIRECTION('',(1.,0.,-0.));
#2034 = DEFINITIONAL_REPRESENTATION('',(#2035),#2039);
#2035 = LINE('',#2036,#2037);
#2036 = CARTESIAN_POINT('',(-1.570796326795,0.));
#2037 = VECTOR('',#2038,1.);
#2038 = DIRECTION('',(1.,0.));
#2039 = ( GEOMETRIC_REPRESENTATION_CONTEXT(2) 
PARAMETRIC_REPRESENTATION_CONTEXT() REPRESENTATION_CONTEXT('2D SPACE',''
  ) );
#2040 = ORIENTED_EDGE('',*,*,#2041,.F.);
#2041 = EDGE_CURVE('',#2042,#2013,#2044,.T.);
#2042 = VERTEX_POINT('',#2043);
#2043 = CARTESIAN_POINT('',(5.,3.5,5.));
#2044 = SURFACE_CURVE('',#2045,(#2049,#2055),.PCURVE_S1.);
#2045 = LINE('',#2046,#2047);
#2046 = CARTESIAN_POINT('',(5.,1.,5.));
#2047 = VECTOR('',#2048,1.);
#2048 = DIRECTION('',(-0.,1.,0.));
#2049 = PCURVE('',#825,#2050);
#2050 = DEFINITIONAL_REPRESENTATION('',(#2051),#2054);
#2051 = B_SPLINE_CURVE_WITH_KNOTS('',1,(#2052,#2053),.UNSPECIFIED.,.F.,
  .F.,(2,2),(1.,31.),.PIECEWISE_BEZIER_KNOTS.);
#2052 = CARTESIAN_POINT('',(5.,2.));
#2053 = CARTESIAN_POINT('',(5.,32.));
#2054 = ( GEOMETRIC_REPRESENTATION_CONTEXT(2) 
PARAMETRIC_REPRESENTATION_CONTEXT() REPRESENTATION_CONTEXT('2D SPACE',''
  ) );
#2055 = PCURVE('',#2056,#2061);
#2056 = PLANE('',#2057);
#2057 = AXIS2_PLACEMENT_3D('',#2058,#2059,#2060);
#2058 = CARTESIAN_POINT('',(5.,2.,0.));
#2059 = DIRECTION('',(1.,0.,-0.));
#2060 = DIRECTION('',(0.,0.,1.));
#2061 = DEFINITIONAL_REPRESENTATION('',(#2062),#2065);
#2062 = B_SPLINE_CURVE_WITH_KNOTS('',1,(#2063,#2064),.UNSPECIFIED.,.F.,
  .F.,(2,2),(1.,31.),.PIECEWISE_BEZIER_KNOTS.);
#2063 = CARTESIAN_POINT('',(5.,0.));
#2064 = CARTESIAN_POINT('',(5.,-30.));
#2065 = ( GEOMETRIC_REPRESENTATION_CONTEXT(2) 
PARAMETRIC_REPRESENTATION_CONTEXT() REPRESENTATION_CONTEXT('2D SPACE',''
  ) );
#2066 = ORIENTED_EDGE('',*,*,#2067,.F.);
#2067 = EDGE_CURVE('',#1860,#2042,#2068,.T.);
#2068 = SURFACE_CURVE('',#2069,(#2074,#2081),.PCURVE_S1.);
#2069 = CIRCLE('',#2070,1.5);
#2070 = AXIS2_PLACEMENT_3D('',#2071,#2072,#2073);
#2071 = CARTESIAN_POINT('',(3.5,3.5,5.));
#2072 = DIRECTION('',(0.,0.,1.));
#2073 = DIRECTION('',(0.,-1.,0.));
#2074 = PCURVE('',#825,#2075);
#2075 = DEFINITIONAL_REPRESENTATION('',(#2076),#2080);
#2076 = CIRCLE('',#2077,1.5);
#2077 = AXIS2_PLACEMENT_2D('',#2078,#2079);
#2078 = CARTESIAN_POINT('',(3.5,3.5));
#2079 = DIRECTION('',(0.,-1.));
#2080 = ( GEOMETRIC_REPRESENTATION_CONTEXT(2) 
PARAMETRIC_REPRESENTATION_CONTEXT() REPRESENTATION_CONTEXT('2D SPACE',''
  ) );
#2081 = PCURVE('',#2082,#2087);
#2082 = CYLINDRICAL_SURFACE('',#2083,1.5);
#2083 = AXIS2_PLACEMENT_3D('',#2084,#2085,#2086);
#2084 = CARTESIAN_POINT('',(3.5,3.5,5.));
#2085 = DIRECTION('',(0.,0.,1.));
#2086 = DIRECTION('',(0.,-1.,0.));
#2087 = DEFINITIONAL_REPRESENTATION('',(#2088),#2092);
#2088 = LINE('',#2089,#2090);
#2089 = CARTESIAN_POINT('',(0.,0.));
#2090 = VECTOR('',#2091,1.);
#2091 = DIRECTION('',(1.,0.));
#2092 = ( GEOMETRIC_REPRESENTATION_CONTEXT(2) 
PARAMETRIC_REPRESENTATION_CONTEXT() REPRESENTATION_CONTEXT('2D SPACE',''
  ) );
#2093 = FACE_BOUND('',#2094,.T.);
#2094 = EDGE_LOOP('',(#2095));
#2095 = ORIENTED_EDGE('',*,*,#2096,.F.);
#2096 = EDGE_CURVE('',#2097,#2097,#2099,.T.);
#2097 = VERTEX_POINT('',#2098);
#2098 = CARTESIAN_POINT('',(18.5,9.,5.));
#2099 = SURFACE_CURVE('',#2100,(#2105,#2112),.PCURVE_S1.);
#2100 = CIRCLE('',#2101,2.5);
#2101 = AXIS2_PLACEMENT_3D('',#2102,#2103,#2104);
#2102 = CARTESIAN_POINT('',(16.,9.,5.));
#2103 = DIRECTION('',(0.,0.,1.));
#2104 = DIRECTION('',(1.,0.,-0.));
#2105 = PCURVE('',#825,#2106);
#2106 = DEFINITIONAL_REPRESENTATION('',(#2107),#2111);
#2107 = CIRCLE('',#2108,2.5);
#2108 = AXIS2_PLACEMENT_2D('',#2109,#2110);
#2109 = CARTESIAN_POINT('',(16.,9.));
#2110 = DIRECTION('',(1.,0.));
#2111 = ( GEOMETRIC_REPRESENTATION_CONTEXT(2) 
PARAMETRIC_REPRESENTATION_CONTEXT() REPRESENTATION_CONTEXT('2D SPACE',''
  ) );
#2112 = PCURVE('',#1783,#2113);
#2113 = DEFINITIONAL_REPRESENTATION('',(#2114),#2118);
#2114 = LINE('',#2115,#2116);
#2115 = CARTESIAN_POINT('',(0.,6.));
#2116 = VECTOR('',#2117,1.);
#2117 = DIRECTION('',(1.,0.));
#2118 = ( GEOMETRIC_REPRESENTATION_CONTEXT(2) 
PARAMETRIC_REPRESENTATION_CONTEXT() REPRESENTATION_CONTEXT('2D SPACE',''
  ) );
#2119 = FACE_BOUND('',#2120,.T.);
#2120 = EDGE_LOOP('',(#2121));
#2121 = ORIENTED_EDGE('',*,*,#2122,.F.);
#2122 = EDGE_CURVE('',#2123,#2123,#2125,.T.);
#2123 = VERTEX_POINT('',#2124);
#2124 = CARTESIAN_POINT('',(32.5,25.,5.));
#2125 = SURFACE_CURVE('',#2126,(#2131,#2138),.PCURVE_S1.);
#2126 = CIRCLE('',#2127,2.5);
#2127 = AXIS2_PLACEMENT_3D('',#2128,#2129,#2130);
#2128 = CARTESIAN_POINT('',(30.,25.,5.));
#2129 = DIRECTION('',(0.,0.,1.));
#2130 = DIRECTION('',(1.,0.,-0.));
#2131 = PCURVE('',#825,#2132);
#2132 = DEFINITIONAL_REPRESENTATION('',(#2133),#2137);
#2133 = CIRCLE('',#2134,2.5);
#2134 = AXIS2_PLACEMENT_2D('',#2135,#2136);
#2135 = CARTESIAN_POINT('',(30.,25.));
#2136 = DIRECTION('',(1.,0.));
#2137 = ( GEOMETRIC_REPRESENTATION_CONTEXT(2) 
PARAMETRIC_REPRESENTATION_CONTEXT() REPRESENTATION_CONTEXT('2D SPACE',''
  ) );
#2138 = PCURVE('',#1814,#2139);
#2139 = DEFINITIONAL_REPRESENTATION('',(#2140),#2144);
#2140 = LINE('',#2141,#2142);
#2141 = CARTESIAN_POINT('',(0.,6.));
#2142 = VECTOR('',#2143,1.);
#2143 = DIRECTION('',(1.,0.));
#2144 = ( GEOMETRIC_REPRESENTATION_CONTEXT(2) 
PARAMETRIC_REPRESENTATION_CONTEXT() REPRESENTATION_CONTEXT('2D SPACE',''
  ) );
#2145 = ADVANCED_FACE('',(#2146),#1027,.F.);
#2146 = FACE_BOUND('',#2147,.F.);
#2147 = EDGE_LOOP('',(#2148,#2149,#2172,#2200));
#2148 = ORIENTED_EDGE('',*,*,#1011,.T.);
#2149 = ORIENTED_EDGE('',*,*,#2150,.T.);
#2150 = EDGE_CURVE('',#1012,#2151,#2153,.T.);
#2151 = VERTEX_POINT('',#2152);
#2152 = CARTESIAN_POINT('',(38.5,0.,3.5));
#2153 = SURFACE_CURVE('',#2154,(#2158,#2165),.PCURVE_S1.);
#2154 = LINE('',#2155,#2156);
#2155 = CARTESIAN_POINT('',(0.,-2.22044604925E-16,3.5));
#2156 = VECTOR('',#2157,1.);
#2157 = DIRECTION('',(1.,0.,-0.));
#2158 = PCURVE('',#1027,#2159);
#2159 = DEFINITIONAL_REPRESENTATION('',(#2160),#2164);
#2160 = LINE('',#2161,#2162);
#2161 = CARTESIAN_POINT('',(3.5,0.));
#2162 = VECTOR('',#2163,1.);
#2163 = DIRECTION('',(0.,1.));
#2164 = ( GEOMETRIC_REPRESENTATION_CONTEXT(2) 
PARAMETRIC_REPRESENTATION_CONTEXT() REPRESENTATION_CONTEXT('2D SPACE',''
  ) );
#2165 = PCURVE('',#1844,#2166);
#2166 = DEFINITIONAL_REPRESENTATION('',(#2167),#2171);
#2167 = LINE('',#2168,#2169);
#2168 = CARTESIAN_POINT('',(1.570796326795,0.));
#2169 = VECTOR('',#2170,1.);
#2170 = DIRECTION('',(0.,1.));
#2171 = ( GEOMETRIC_REPRESENTATION_CONTEXT(2) 
PARAMETRIC_REPRESENTATION_CONTEXT() REPRESENTATION_CONTEXT('2D SPACE',''
  ) );
#2172 = ORIENTED_EDGE('',*,*,#2173,.F.);
#2173 = EDGE_CURVE('',#2174,#2151,#2176,.T.);
#2174 = VERTEX_POINT('',#2175);
#2175 = CARTESIAN_POINT('',(38.5,0.,1.5));
#2176 = SURFACE_CURVE('',#2177,(#2181,#2188),.PCURVE_S1.);
#2177 = LINE('',#2178,#2179);
#2178 = CARTESIAN_POINT('',(38.5,-2.22044604925E-16,0.));
#2179 = VECTOR('',#2180,1.);
#2180 = DIRECTION('',(0.,0.,1.));
#2181 = PCURVE('',#1027,#2182);
#2182 = DEFINITIONAL_REPRESENTATION('',(#2183),#2187);
#2183 = LINE('',#2184,#2185);
#2184 = CARTESIAN_POINT('',(0.,38.5));
#2185 = VECTOR('',#2186,1.);
#2186 = DIRECTION('',(1.,0.));
#2187 = ( GEOMETRIC_REPRESENTATION_CONTEXT(2) 
PARAMETRIC_REPRESENTATION_CONTEXT() REPRESENTATION_CONTEXT('2D SPACE',''
  ) );
#2188 = PCURVE('',#2189,#2194);
#2189 = CYLINDRICAL_SURFACE('',#2190,1.5);
#2190 = AXIS2_PLACEMENT_3D('',#2191,#2192,#2193);
#2191 = CARTESIAN_POINT('',(38.5,1.5,0.));
#2192 = DIRECTION('',(0.,0.,1.));
#2193 = DIRECTION('',(0.,-1.,0.));
#2194 = DEFINITIONAL_REPRESENTATION('',(#2195),#2199);
#2195 = LINE('',#2196,#2197);
#2196 = CARTESIAN_POINT('',(0.,0.));
#2197 = VECTOR('',#2198,1.);
#2198 = DIRECTION('',(0.,1.));
#2199 = ( GEOMETRIC_REPRESENTATION_CONTEXT(2) 
PARAMETRIC_REPRESENTATION_CONTEXT() REPRESENTATION_CONTEXT('2D SPACE',''
  ) );
#2200 = ORIENTED_EDGE('',*,*,#2201,.F.);
#2201 = EDGE_CURVE('',#990,#2174,#2202,.T.);
#2202 = SURFACE_CURVE('',#2203,(#2207,#2214),.PCURVE_S1.);
#2203 = LINE('',#2204,#2205);
#2204 = CARTESIAN_POINT('',(0.,-2.22044604925E-16,1.5));
#2205 = VECTOR('',#2206,1.);
#2206 = DIRECTION('',(1.,0.,-0.));
#2207 = PCURVE('',#1027,#2208);
#2208 = DEFINITIONAL_REPRESENTATION('',(#2209),#2213);
#2209 = LINE('',#2210,#2211);
#2210 = CARTESIAN_POINT('',(1.5,0.));
#2211 = VECTOR('',#2212,1.);
#2212 = DIRECTION('',(0.,1.));
#2213 = ( GEOMETRIC_REPRESENTATION_CONTEXT(2) 
PARAMETRIC_REPRESENTATION_CONTEXT() REPRESENTATION_CONTEXT('2D SPACE',''
  ) );
#2214 = PCURVE('',#1581,#2215);
#2215 = DEFINITIONAL_REPRESENTATION('',(#2216),#2220);
#2216 = LINE('',#2217,#2218);
#2217 = CARTESIAN_POINT('',(-1.570796326795,0.));
#2218 = VECTOR('',#2219,1.);
#2219 = DIRECTION('',(-0.,1.));
#2220 = ( GEOMETRIC_REPRESENTATION_CONTEXT(2) 
PARAMETRIC_REPRESENTATION_CONTEXT() REPRESENTATION_CONTEXT('2D SPACE',''
  ) );
#2221 = ADVANCED_FACE('',(#2222),#1134,.T.);
#2222 = FACE_BOUND('',#2223,.F.);
#2223 = EDGE_LOOP('',(#2224,#2225,#2226,#2253));
#2224 = ORIENTED_EDGE('',*,*,#1181,.T.);
#2225 = ORIENTED_EDGE('',*,*,#1120,.T.);
#2226 = ORIENTED_EDGE('',*,*,#2227,.T.);
#2227 = EDGE_CURVE('',#1093,#2228,#2230,.T.);
#2228 = VERTEX_POINT('',#2229);
#2229 = CARTESIAN_POINT('',(1.5,2.,26.5));
#2230 = SURFACE_CURVE('',#2231,(#2236,#2242),.PCURVE_S1.);
#2231 = CIRCLE('',#2232,1.5);
#2232 = AXIS2_PLACEMENT_3D('',#2233,#2234,#2235);
#2233 = CARTESIAN_POINT('',(1.5,3.5,26.5));
#2234 = DIRECTION('',(0.,0.,1.));
#2235 = DIRECTION('',(0.,-1.,0.));
#2236 = PCURVE('',#1134,#2237);
#2237 = DEFINITIONAL_REPRESENTATION('',(#2238),#2241);
#2238 = B_SPLINE_CURVE_WITH_KNOTS('',1,(#2239,#2240),.UNSPECIFIED.,.F.,
  .F.,(2,2),(4.712388980385,6.28318530718),.PIECEWISE_BEZIER_KNOTS.);
#2239 = CARTESIAN_POINT('',(-1.570796326795,21.5));
#2240 = CARTESIAN_POINT('',(0.,21.5));
#2241 = ( GEOMETRIC_REPRESENTATION_CONTEXT(2) 
PARAMETRIC_REPRESENTATION_CONTEXT() REPRESENTATION_CONTEXT('2D SPACE',''
  ) );
#2242 = PCURVE('',#2243,#2248);
#2243 = SPHERICAL_SURFACE('',#2244,1.5);
#2244 = AXIS2_PLACEMENT_3D('',#2245,#2246,#2247);
#2245 = CARTESIAN_POINT('',(1.5,3.5,26.5));
#2246 = DIRECTION('',(1.,0.,-0.));
#2247 = DIRECTION('',(0.,-1.,0.));
#2248 = DEFINITIONAL_REPRESENTATION('',(#2249),#2252);
#2249 = B_SPLINE_CURVE_WITH_KNOTS('',1,(#2250,#2251),.UNSPECIFIED.,.F.,
  .F.,(2,2),(4.712388980385,6.28318530718),.PIECEWISE_BEZIER_KNOTS.);
#2250 = CARTESIAN_POINT('',(0.,-1.570796326795));
#2251 = CARTESIAN_POINT('',(0.,0.));
#2252 = ( GEOMETRIC_REPRESENTATION_CONTEXT(2) 
PARAMETRIC_REPRESENTATION_CONTEXT() REPRESENTATION_CONTEXT('2D SPACE',''
  ) );
#2253 = ORIENTED_EDGE('',*,*,#2254,.F.);
#2254 = EDGE_CURVE('',#810,#2228,#2255,.T.);
#2255 = SURFACE_CURVE('',#2256,(#2260,#2267),.PCURVE_S1.);
#2256 = LINE('',#2257,#2258);
#2257 = CARTESIAN_POINT('',(1.5,2.,5.));
#2258 = VECTOR('',#2259,1.);
#2259 = DIRECTION('',(0.,0.,1.));
#2260 = PCURVE('',#1134,#2261);
#2261 = DEFINITIONAL_REPRESENTATION('',(#2262),#2266);
#2262 = LINE('',#2263,#2264);
#2263 = CARTESIAN_POINT('',(-0.,0.));
#2264 = VECTOR('',#2265,1.);
#2265 = DIRECTION('',(-0.,1.));
#2266 = ( GEOMETRIC_REPRESENTATION_CONTEXT(2) 
PARAMETRIC_REPRESENTATION_CONTEXT() REPRESENTATION_CONTEXT('2D SPACE',''
  ) );
#2267 = PCURVE('',#1874,#2268);
#2268 = DEFINITIONAL_REPRESENTATION('',(#2269),#2273);
#2269 = LINE('',#2270,#2271);
#2270 = CARTESIAN_POINT('',(5.,1.5));
#2271 = VECTOR('',#2272,1.);
#2272 = DIRECTION('',(1.,0.));
#2273 = ( GEOMETRIC_REPRESENTATION_CONTEXT(2) 
PARAMETRIC_REPRESENTATION_CONTEXT() REPRESENTATION_CONTEXT('2D SPACE',''
  ) );
#2274 = ADVANCED_FACE('',(#2275),#1080,.T.);
#2275 = FACE_BOUND('',#2276,.T.);
#2276 = EDGE_LOOP('',(#2277,#2278,#2279,#2306));
#2277 = ORIENTED_EDGE('',*,*,#1329,.F.);
#2278 = ORIENTED_EDGE('',*,*,#1064,.T.);
#2279 = ORIENTED_EDGE('',*,*,#2280,.T.);
#2280 = EDGE_CURVE('',#1065,#2281,#2283,.T.);
#2281 = VERTEX_POINT('',#2282);
#2282 = CARTESIAN_POINT('',(1.5,32.,26.5));
#2283 = SURFACE_CURVE('',#2284,(#2289,#2295),.PCURVE_S1.);
#2284 = CIRCLE('',#2285,1.5);
#2285 = AXIS2_PLACEMENT_3D('',#2286,#2287,#2288);
#2286 = CARTESIAN_POINT('',(1.5,30.5,26.5));
#2287 = DIRECTION('',(-0.,0.,-1.));
#2288 = DIRECTION('',(0.,1.,0.));
#2289 = PCURVE('',#1080,#2290);
#2290 = DEFINITIONAL_REPRESENTATION('',(#2291),#2294);
#2291 = B_SPLINE_CURVE_WITH_KNOTS('',1,(#2292,#2293),.UNSPECIFIED.,.F.,
  .F.,(2,2),(4.712388980385,6.28318530718),.PIECEWISE_BEZIER_KNOTS.);
#2292 = CARTESIAN_POINT('',(1.570796326795,21.5));
#2293 = CARTESIAN_POINT('',(0.,21.5));
#2294 = ( GEOMETRIC_REPRESENTATION_CONTEXT(2) 
PARAMETRIC_REPRESENTATION_CONTEXT() REPRESENTATION_CONTEXT('2D SPACE',''
  ) );
#2295 = PCURVE('',#2296,#2301);
#2296 = SPHERICAL_SURFACE('',#2297,1.5);
#2297 = AXIS2_PLACEMENT_3D('',#2298,#2299,#2300);
#2298 = CARTESIAN_POINT('',(1.5,30.5,26.5));
#2299 = DIRECTION('',(1.,0.,-0.));
#2300 = DIRECTION('',(0.,1.,0.));
#2301 = DEFINITIONAL_REPRESENTATION('',(#2302),#2305);
#2302 = B_SPLINE_CURVE_WITH_KNOTS('',1,(#2303,#2304),.UNSPECIFIED.,.F.,
  .F.,(2,2),(4.712388980385,6.28318530718),.PIECEWISE_BEZIER_KNOTS.);
#2303 = CARTESIAN_POINT('',(0.,-1.570796326795));
#2304 = CARTESIAN_POINT('',(0.,0.));
#2305 = ( GEOMETRIC_REPRESENTATION_CONTEXT(2) 
PARAMETRIC_REPRESENTATION_CONTEXT() REPRESENTATION_CONTEXT('2D SPACE',''
  ) );
#2306 = ORIENTED_EDGE('',*,*,#2307,.F.);
#2307 = EDGE_CURVE('',#1224,#2281,#2308,.T.);
#2308 = SURFACE_CURVE('',#2309,(#2313,#2320),.PCURVE_S1.);
#2309 = LINE('',#2310,#2311);
#2310 = CARTESIAN_POINT('',(1.5,32.,5.));
#2311 = VECTOR('',#2312,1.);
#2312 = DIRECTION('',(0.,0.,1.));
#2313 = PCURVE('',#1080,#2314);
#2314 = DEFINITIONAL_REPRESENTATION('',(#2315),#2319);
#2315 = LINE('',#2316,#2317);
#2316 = CARTESIAN_POINT('',(0.,0.));
#2317 = VECTOR('',#2318,1.);
#2318 = DIRECTION('',(0.,1.));
#2319 = ( GEOMETRIC_REPRESENTATION_CONTEXT(2) 
PARAMETRIC_REPRESENTATION_CONTEXT() REPRESENTATION_CONTEXT('2D SPACE',''
  ) );
#2320 = PCURVE('',#2001,#2321);
#2321 = DEFINITIONAL_REPRESENTATION('',(#2322),#2326);
#2322 = LINE('',#2323,#2324);
#2323 = CARTESIAN_POINT('',(5.,1.5));
#2324 = VECTOR('',#2325,1.);
#2325 = DIRECTION('',(1.,0.));
#2326 = ( GEOMETRIC_REPRESENTATION_CONTEXT(2) 
PARAMETRIC_REPRESENTATION_CONTEXT() REPRESENTATION_CONTEXT('2D SPACE',''
  ) );
#2327 = ADVANCED_FACE('',(#2328),#1108,.T.);
#2328 = FACE_BOUND('',#2329,.T.);
#2329 = EDGE_LOOP('',(#2330,#2352,#2380,#2400));
#2330 = ORIENTED_EDGE('',*,*,#2331,.T.);
#2331 = EDGE_CURVE('',#1093,#2332,#2334,.T.);
#2332 = VERTEX_POINT('',#2333);
#2333 = CARTESIAN_POINT('',(1.5,3.5,28.));
#2334 = SURFACE_CURVE('',#2335,(#2340,#2346),.PCURVE_S1.);
#2335 = CIRCLE('',#2336,1.5);
#2336 = AXIS2_PLACEMENT_3D('',#2337,#2338,#2339);
#2337 = CARTESIAN_POINT('',(1.5,3.5,26.5));
#2338 = DIRECTION('',(0.,1.,6.123233995737E-17));
#2339 = DIRECTION('',(0.,-6.123233995737E-17,1.));
#2340 = PCURVE('',#1108,#2341);
#2341 = DEFINITIONAL_REPRESENTATION('',(#2342),#2345);
#2342 = B_SPLINE_CURVE_WITH_KNOTS('',1,(#2343,#2344),.UNSPECIFIED.,.F.,
  .F.,(2,2),(4.712388980385,6.28318530718),.PIECEWISE_BEZIER_KNOTS.);
#2343 = CARTESIAN_POINT('',(0.,1.5));
#2344 = CARTESIAN_POINT('',(1.570796326795,1.5));
#2345 = ( GEOMETRIC_REPRESENTATION_CONTEXT(2) 
PARAMETRIC_REPRESENTATION_CONTEXT() REPRESENTATION_CONTEXT('2D SPACE',''
  ) );
#2346 = PCURVE('',#2243,#2347);
#2347 = DEFINITIONAL_REPRESENTATION('',(#2348),#2351);
#2348 = B_SPLINE_CURVE_WITH_KNOTS('',1,(#2349,#2350),.UNSPECIFIED.,.F.,
  .F.,(2,2),(4.712388980385,6.28318530718),.PIECEWISE_BEZIER_KNOTS.);
#2349 = CARTESIAN_POINT('',(-1.570796326795,-1.570796326795));
#2350 = CARTESIAN_POINT('',(-1.570796326795,0.));
#2351 = ( GEOMETRIC_REPRESENTATION_CONTEXT(2) 
PARAMETRIC_REPRESENTATION_CONTEXT() REPRESENTATION_CONTEXT('2D SPACE',''
  ) );
#2352 = ORIENTED_EDGE('',*,*,#2353,.T.);
#2353 = EDGE_CURVE('',#2332,#2354,#2356,.T.);
#2354 = VERTEX_POINT('',#2355);
#2355 = CARTESIAN_POINT('',(1.5,30.5,28.));
#2356 = SURFACE_CURVE('',#2357,(#2361,#2368),.PCURVE_S1.);
#2357 = LINE('',#2358,#2359);
#2358 = CARTESIAN_POINT('',(1.5,2.,28.));
#2359 = VECTOR('',#2360,1.);
#2360 = DIRECTION('',(-0.,1.,0.));
#2361 = PCURVE('',#1108,#2362);
#2362 = DEFINITIONAL_REPRESENTATION('',(#2363),#2367);
#2363 = LINE('',#2364,#2365);
#2364 = CARTESIAN_POINT('',(1.570796326795,0.));
#2365 = VECTOR('',#2366,1.);
#2366 = DIRECTION('',(0.,1.));
#2367 = ( GEOMETRIC_REPRESENTATION_CONTEXT(2) 
PARAMETRIC_REPRESENTATION_CONTEXT() REPRESENTATION_CONTEXT('2D SPACE',''
  ) );
#2368 = PCURVE('',#2369,#2374);
#2369 = PLANE('',#2370);
#2370 = AXIS2_PLACEMENT_3D('',#2371,#2372,#2373);
#2371 = CARTESIAN_POINT('',(0.,2.,28.));
#2372 = DIRECTION('',(0.,0.,1.));
#2373 = DIRECTION('',(1.,0.,-0.));
#2374 = DEFINITIONAL_REPRESENTATION('',(#2375),#2379);
#2375 = LINE('',#2376,#2377);
#2376 = CARTESIAN_POINT('',(1.5,0.));
#2377 = VECTOR('',#2378,1.);
#2378 = DIRECTION('',(0.,1.));
#2379 = ( GEOMETRIC_REPRESENTATION_CONTEXT(2) 
PARAMETRIC_REPRESENTATION_CONTEXT() REPRESENTATION_CONTEXT('2D SPACE',''
  ) );
#2380 = ORIENTED_EDGE('',*,*,#2381,.F.);
#2381 = EDGE_CURVE('',#1065,#2354,#2382,.T.);
#2382 = SURFACE_CURVE('',#2383,(#2388,#2394),.PCURVE_S1.);
#2383 = CIRCLE('',#2384,1.5);
#2384 = AXIS2_PLACEMENT_3D('',#2385,#2386,#2387);
#2385 = CARTESIAN_POINT('',(1.5,30.5,26.5));
#2386 = DIRECTION('',(-0.,1.,-6.123233995737E-17));
#2387 = DIRECTION('',(0.,6.123233995737E-17,1.));
#2388 = PCURVE('',#1108,#2389);
#2389 = DEFINITIONAL_REPRESENTATION('',(#2390),#2393);
#2390 = B_SPLINE_CURVE_WITH_KNOTS('',1,(#2391,#2392),.UNSPECIFIED.,.F.,
  .F.,(2,2),(4.712388980385,6.28318530718),.PIECEWISE_BEZIER_KNOTS.);
#2391 = CARTESIAN_POINT('',(0.,28.5));
#2392 = CARTESIAN_POINT('',(1.570796326795,28.5));
#2393 = ( GEOMETRIC_REPRESENTATION_CONTEXT(2) 
PARAMETRIC_REPRESENTATION_CONTEXT() REPRESENTATION_CONTEXT('2D SPACE',''
  ) );
#2394 = PCURVE('',#2296,#2395);
#2395 = DEFINITIONAL_REPRESENTATION('',(#2396),#2399);
#2396 = B_SPLINE_CURVE_WITH_KNOTS('',1,(#2397,#2398),.UNSPECIFIED.,.F.,
  .F.,(2,2),(4.712388980385,6.28318530718),.PIECEWISE_BEZIER_KNOTS.);
#2397 = CARTESIAN_POINT('',(1.570796326795,-1.570796326795));
#2398 = CARTESIAN_POINT('',(1.570796326795,0.));
#2399 = ( GEOMETRIC_REPRESENTATION_CONTEXT(2) 
PARAMETRIC_REPRESENTATION_CONTEXT() REPRESENTATION_CONTEXT('2D SPACE',''
  ) );
#2400 = ORIENTED_EDGE('',*,*,#1092,.F.);
#2401 = ADVANCED_FACE('',(#2402),#1165,.F.);
#2402 = FACE_BOUND('',#2403,.F.);
#2403 = EDGE_LOOP('',(#2404,#2428,#2449,#2450));
#2404 = ORIENTED_EDGE('',*,*,#2405,.F.);
#2405 = EDGE_CURVE('',#2406,#2406,#2408,.T.);
#2406 = VERTEX_POINT('',#2407);
#2407 = CARTESIAN_POINT('',(5.,17.,15.5));
#2408 = SURFACE_CURVE('',#2409,(#2414,#2421),.PCURVE_S1.);
#2409 = CIRCLE('',#2410,2.5);
#2410 = AXIS2_PLACEMENT_3D('',#2411,#2412,#2413);
#2411 = CARTESIAN_POINT('',(5.,17.,18.));
#2412 = DIRECTION('',(1.,0.,1.110223024625E-16));
#2413 = DIRECTION('',(1.110223024625E-16,0.,-1.));
#2414 = PCURVE('',#1165,#2415);
#2415 = DEFINITIONAL_REPRESENTATION('',(#2416),#2420);
#2416 = LINE('',#2417,#2418);
#2417 = CARTESIAN_POINT('',(0.,6.));
#2418 = VECTOR('',#2419,1.);
#2419 = DIRECTION('',(1.,0.));
#2420 = ( GEOMETRIC_REPRESENTATION_CONTEXT(2) 
PARAMETRIC_REPRESENTATION_CONTEXT() REPRESENTATION_CONTEXT('2D SPACE',''
  ) );
#2421 = PCURVE('',#2056,#2422);
#2422 = DEFINITIONAL_REPRESENTATION('',(#2423),#2427);
#2423 = CIRCLE('',#2424,2.5);
#2424 = AXIS2_PLACEMENT_2D('',#2425,#2426);
#2425 = CARTESIAN_POINT('',(18.,-15.));
#2426 = DIRECTION('',(-1.,0.));
#2427 = ( GEOMETRIC_REPRESENTATION_CONTEXT(2) 
PARAMETRIC_REPRESENTATION_CONTEXT() REPRESENTATION_CONTEXT('2D SPACE',''
  ) );
#2428 = ORIENTED_EDGE('',*,*,#2429,.F.);
#2429 = EDGE_CURVE('',#1149,#2406,#2430,.T.);
#2430 = SEAM_CURVE('',#2431,(#2435,#2442),.PCURVE_S1.);
#2431 = LINE('',#2432,#2433);
#2432 = CARTESIAN_POINT('',(-1.,17.,15.5));
#2433 = VECTOR('',#2434,1.);
#2434 = DIRECTION('',(1.,0.,1.110223024625E-16));
#2435 = PCURVE('',#1165,#2436);
#2436 = DEFINITIONAL_REPRESENTATION('',(#2437),#2441);
#2437 = LINE('',#2438,#2439);
#2438 = CARTESIAN_POINT('',(6.28318530718,-0.));
#2439 = VECTOR('',#2440,1.);
#2440 = DIRECTION('',(0.,1.));
#2441 = ( GEOMETRIC_REPRESENTATION_CONTEXT(2) 
PARAMETRIC_REPRESENTATION_CONTEXT() REPRESENTATION_CONTEXT('2D SPACE',''
  ) );
#2442 = PCURVE('',#1165,#2443);
#2443 = DEFINITIONAL_REPRESENTATION('',(#2444),#2448);
#2444 = LINE('',#2445,#2446);
#2445 = CARTESIAN_POINT('',(0.,-0.));
#2446 = VECTOR('',#2447,1.);
#2447 = DIRECTION('',(0.,1.));
#2448 = ( GEOMETRIC_REPRESENTATION_CONTEXT(2) 
PARAMETRIC_REPRESENTATION_CONTEXT() REPRESENTATION_CONTEXT('2D SPACE',''
  ) );
#2449 = ORIENTED_EDGE('',*,*,#1148,.T.);
#2450 = ORIENTED_EDGE('',*,*,#2429,.T.);
#2451 = ADVANCED_FACE('',(#2452),#1312,.T.);
#2452 = FACE_BOUND('',#2453,.F.);
#2453 = EDGE_LOOP('',(#2454,#2455,#2456,#2483));
#2454 = ORIENTED_EDGE('',*,*,#1223,.T.);
#2455 = ORIENTED_EDGE('',*,*,#1489,.T.);
#2456 = ORIENTED_EDGE('',*,*,#2457,.F.);
#2457 = EDGE_CURVE('',#1938,#1462,#2458,.T.);
#2458 = SURFACE_CURVE('',#2459,(#2464,#2471),.PCURVE_S1.);
#2459 = CIRCLE('',#2460,1.5);
#2460 = AXIS2_PLACEMENT_3D('',#2461,#2462,#2463);
#2461 = CARTESIAN_POINT('',(1.5,32.5,3.5));
#2462 = DIRECTION('',(0.,-1.,0.));
#2463 = DIRECTION('',(0.,0.,1.));
#2464 = PCURVE('',#1312,#2465);
#2465 = DEFINITIONAL_REPRESENTATION('',(#2466),#2470);
#2466 = LINE('',#2467,#2468);
#2467 = CARTESIAN_POINT('',(-0.,0.5));
#2468 = VECTOR('',#2469,1.);
#2469 = DIRECTION('',(-1.,0.));
#2470 = ( GEOMETRIC_REPRESENTATION_CONTEXT(2) 
PARAMETRIC_REPRESENTATION_CONTEXT() REPRESENTATION_CONTEXT('2D SPACE',''
  ) );
#2471 = PCURVE('',#2472,#2477);
#2472 = SPHERICAL_SURFACE('',#2473,1.5);
#2473 = AXIS2_PLACEMENT_3D('',#2474,#2475,#2476);
#2474 = CARTESIAN_POINT('',(1.5,32.5,3.5));
#2475 = DIRECTION('',(0.,-1.,-0.));
#2476 = DIRECTION('',(0.,0.,1.));
#2477 = DEFINITIONAL_REPRESENTATION('',(#2478),#2482);
#2478 = LINE('',#2479,#2480);
#2479 = CARTESIAN_POINT('',(0.,0.));
#2480 = VECTOR('',#2481,1.);
#2481 = DIRECTION('',(1.,0.));
#2482 = ( GEOMETRIC_REPRESENTATION_CONTEXT(2) 
PARAMETRIC_REPRESENTATION_CONTEXT() REPRESENTATION_CONTEXT('2D SPACE',''
  ) );
#2483 = ORIENTED_EDGE('',*,*,#1965,.F.);
#2484 = ADVANCED_FACE('',(#2485),#1449,.T.);
#2485 = FACE_BOUND('',#2486,.F.);
#2486 = EDGE_LOOP('',(#2487,#2488,#2489,#2516));
#2487 = ORIENTED_EDGE('',*,*,#1542,.T.);
#2488 = ORIENTED_EDGE('',*,*,#1699,.T.);
#2489 = ORIENTED_EDGE('',*,*,#2490,.T.);
#2490 = EDGE_CURVE('',#1672,#1434,#2491,.T.);
#2491 = SURFACE_CURVE('',#2492,(#2497,#2504),.PCURVE_S1.);
#2492 = CIRCLE('',#2493,1.5);
#2493 = AXIS2_PLACEMENT_3D('',#2494,#2495,#2496);
#2494 = CARTESIAN_POINT('',(1.5,32.5,1.5));
#2495 = DIRECTION('',(0.,1.,0.));
#2496 = DIRECTION('',(0.,0.,-1.));
#2497 = PCURVE('',#1449,#2498);
#2498 = DEFINITIONAL_REPRESENTATION('',(#2499),#2503);
#2499 = LINE('',#2500,#2501);
#2500 = CARTESIAN_POINT('',(-1.570796326795,0.5));
#2501 = VECTOR('',#2502,1.);
#2502 = DIRECTION('',(1.,-0.));
#2503 = ( GEOMETRIC_REPRESENTATION_CONTEXT(2) 
PARAMETRIC_REPRESENTATION_CONTEXT() REPRESENTATION_CONTEXT('2D SPACE',''
  ) );
#2504 = PCURVE('',#2505,#2510);
#2505 = SPHERICAL_SURFACE('',#2506,1.5);
#2506 = AXIS2_PLACEMENT_3D('',#2507,#2508,#2509);
#2507 = CARTESIAN_POINT('',(1.5,32.5,1.5));
#2508 = DIRECTION('',(0.,-1.,-0.));
#2509 = DIRECTION('',(0.,0.,-1.));
#2510 = DEFINITIONAL_REPRESENTATION('',(#2511),#2515);
#2511 = LINE('',#2512,#2513);
#2512 = CARTESIAN_POINT('',(-0.,0.));
#2513 = VECTOR('',#2514,1.);
#2514 = DIRECTION('',(-1.,0.));
#2515 = ( GEOMETRIC_REPRESENTATION_CONTEXT(2) 
PARAMETRIC_REPRESENTATION_CONTEXT() REPRESENTATION_CONTEXT('2D SPACE',''
  ) );
#2516 = ORIENTED_EDGE('',*,*,#1433,.F.);
#2517 = ADVANCED_FACE('',(#2518),#1477,.T.);
#2518 = FACE_BOUND('',#2519,.F.);
#2519 = EDGE_LOOP('',(#2520,#2542,#2570,#2590));
#2520 = ORIENTED_EDGE('',*,*,#2521,.F.);
#2521 = EDGE_CURVE('',#2522,#1434,#2524,.T.);
#2522 = VERTEX_POINT('',#2523);
#2523 = CARTESIAN_POINT('',(1.5,34.,1.5));
#2524 = SURFACE_CURVE('',#2525,(#2530,#2536),.PCURVE_S1.);
#2525 = CIRCLE('',#2526,1.5);
#2526 = AXIS2_PLACEMENT_3D('',#2527,#2528,#2529);
#2527 = CARTESIAN_POINT('',(1.5,32.5,1.5));
#2528 = DIRECTION('',(-6.123233995737E-17,-0.,1.));
#2529 = DIRECTION('',(-1.,0.,-6.123233995737E-17));
#2530 = PCURVE('',#1477,#2531);
#2531 = DEFINITIONAL_REPRESENTATION('',(#2532),#2535);
#2532 = B_SPLINE_CURVE_WITH_KNOTS('',1,(#2533,#2534),.UNSPECIFIED.,.F.,
  .F.,(2,2),(4.712388980385,6.28318530718),.PIECEWISE_BEZIER_KNOTS.);
#2533 = CARTESIAN_POINT('',(-1.570796326795,1.5));
#2534 = CARTESIAN_POINT('',(0.,1.5));
#2535 = ( GEOMETRIC_REPRESENTATION_CONTEXT(2) 
PARAMETRIC_REPRESENTATION_CONTEXT() REPRESENTATION_CONTEXT('2D SPACE',''
  ) );
#2536 = PCURVE('',#2505,#2537);
#2537 = DEFINITIONAL_REPRESENTATION('',(#2538),#2541);
#2538 = B_SPLINE_CURVE_WITH_KNOTS('',1,(#2539,#2540),.UNSPECIFIED.,.F.,
  .F.,(2,2),(4.712388980385,6.28318530718),.PIECEWISE_BEZIER_KNOTS.);
#2539 = CARTESIAN_POINT('',(-1.570796326795,-1.570796326795));
#2540 = CARTESIAN_POINT('',(-1.570796326795,0.));
#2541 = ( GEOMETRIC_REPRESENTATION_CONTEXT(2) 
PARAMETRIC_REPRESENTATION_CONTEXT() REPRESENTATION_CONTEXT('2D SPACE',''
  ) );
#2542 = ORIENTED_EDGE('',*,*,#2543,.T.);
#2543 = EDGE_CURVE('',#2522,#2544,#2546,.T.);
#2544 = VERTEX_POINT('',#2545);
#2545 = CARTESIAN_POINT('',(1.5,34.,3.5));
#2546 = SURFACE_CURVE('',#2547,(#2551,#2558),.PCURVE_S1.);
#2547 = LINE('',#2548,#2549);
#2548 = CARTESIAN_POINT('',(1.5,34.,0.));
#2549 = VECTOR('',#2550,1.);
#2550 = DIRECTION('',(0.,0.,1.));
#2551 = PCURVE('',#1477,#2552);
#2552 = DEFINITIONAL_REPRESENTATION('',(#2553),#2557);
#2553 = LINE('',#2554,#2555);
#2554 = CARTESIAN_POINT('',(-1.570796326795,0.));
#2555 = VECTOR('',#2556,1.);
#2556 = DIRECTION('',(-0.,1.));
#2557 = ( GEOMETRIC_REPRESENTATION_CONTEXT(2) 
PARAMETRIC_REPRESENTATION_CONTEXT() REPRESENTATION_CONTEXT('2D SPACE',''
  ) );
#2558 = PCURVE('',#2559,#2564);
#2559 = PLANE('',#2560);
#2560 = AXIS2_PLACEMENT_3D('',#2561,#2562,#2563);
#2561 = CARTESIAN_POINT('',(0.,34.,0.));
#2562 = DIRECTION('',(-0.,1.,0.));
#2563 = DIRECTION('',(0.,0.,1.));
#2564 = DEFINITIONAL_REPRESENTATION('',(#2565),#2569);
#2565 = LINE('',#2566,#2567);
#2566 = CARTESIAN_POINT('',(0.,1.5));
#2567 = VECTOR('',#2568,1.);
#2568 = DIRECTION('',(1.,0.));
#2569 = ( GEOMETRIC_REPRESENTATION_CONTEXT(2) 
PARAMETRIC_REPRESENTATION_CONTEXT() REPRESENTATION_CONTEXT('2D SPACE',''
  ) );
#2570 = ORIENTED_EDGE('',*,*,#2571,.T.);
#2571 = EDGE_CURVE('',#2544,#1462,#2572,.T.);
#2572 = SURFACE_CURVE('',#2573,(#2578,#2584),.PCURVE_S1.);
#2573 = CIRCLE('',#2574,1.5);
#2574 = AXIS2_PLACEMENT_3D('',#2575,#2576,#2577);
#2575 = CARTESIAN_POINT('',(1.5,32.5,3.5));
#2576 = DIRECTION('',(6.123233995737E-17,0.,1.));
#2577 = DIRECTION('',(-1.,0.,6.123233995737E-17));
#2578 = PCURVE('',#1477,#2579);
#2579 = DEFINITIONAL_REPRESENTATION('',(#2580),#2583);
#2580 = B_SPLINE_CURVE_WITH_KNOTS('',1,(#2581,#2582),.UNSPECIFIED.,.F.,
  .F.,(2,2),(4.712388980385,6.28318530718),.PIECEWISE_BEZIER_KNOTS.);
#2581 = CARTESIAN_POINT('',(-1.570796326795,3.5));
#2582 = CARTESIAN_POINT('',(0.,3.5));
#2583 = ( GEOMETRIC_REPRESENTATION_CONTEXT(2) 
PARAMETRIC_REPRESENTATION_CONTEXT() REPRESENTATION_CONTEXT('2D SPACE',''
  ) );
#2584 = PCURVE('',#2472,#2585);
#2585 = DEFINITIONAL_REPRESENTATION('',(#2586),#2589);
#2586 = B_SPLINE_CURVE_WITH_KNOTS('',1,(#2587,#2588),.UNSPECIFIED.,.F.,
  .F.,(2,2),(4.712388980385,6.28318530718),.PIECEWISE_BEZIER_KNOTS.);
#2587 = CARTESIAN_POINT('',(1.570796326795,-1.570796326795));
#2588 = CARTESIAN_POINT('',(1.570796326795,0.));
#2589 = ( GEOMETRIC_REPRESENTATION_CONTEXT(2) 
PARAMETRIC_REPRESENTATION_CONTEXT() REPRESENTATION_CONTEXT('2D SPACE',''
  ) );
#2590 = ORIENTED_EDGE('',*,*,#1461,.F.);
#2591 = ADVANCED_FACE('',(#2592),#1530,.F.);
#2592 = FACE_BOUND('',#2593,.F.);
#2593 = EDGE_LOOP('',(#2594,#2595,#2596,#2597));
#2594 = ORIENTED_EDGE('',*,*,#1720,.F.);
#2595 = ORIENTED_EDGE('',*,*,#1514,.F.);
#2596 = ORIENTED_EDGE('',*,*,#1596,.T.);
#2597 = ORIENTED_EDGE('',*,*,#1743,.T.);
#2598 = ADVANCED_FACE('',(#2599),#1581,.T.);
#2599 = FACE_BOUND('',#2600,.F.);
#2600 = EDGE_LOOP('',(#2601,#2602,#2603,#2628));
#2601 = ORIENTED_EDGE('',*,*,#1567,.F.);
#2602 = ORIENTED_EDGE('',*,*,#2201,.T.);
#2603 = ORIENTED_EDGE('',*,*,#2604,.T.);
#2604 = EDGE_CURVE('',#2174,#1621,#2605,.T.);
#2605 = SURFACE_CURVE('',#2606,(#2611,#2617),.PCURVE_S1.);
#2606 = CIRCLE('',#2607,1.5);
#2607 = AXIS2_PLACEMENT_3D('',#2608,#2609,#2610);
#2608 = CARTESIAN_POINT('',(38.5,1.5,1.5));
#2609 = DIRECTION('',(1.,0.,0.));
#2610 = DIRECTION('',(0.,0.,-1.));
#2611 = PCURVE('',#1581,#2612);
#2612 = DEFINITIONAL_REPRESENTATION('',(#2613),#2616);
#2613 = B_SPLINE_CURVE_WITH_KNOTS('',1,(#2614,#2615),.UNSPECIFIED.,.F.,
  .F.,(2,2),(4.712388980385,6.28318530718),.PIECEWISE_BEZIER_KNOTS.);
#2614 = CARTESIAN_POINT('',(-1.570796326795,38.5));
#2615 = CARTESIAN_POINT('',(0.,38.5));
#2616 = ( GEOMETRIC_REPRESENTATION_CONTEXT(2) 
PARAMETRIC_REPRESENTATION_CONTEXT() REPRESENTATION_CONTEXT('2D SPACE',''
  ) );
#2617 = PCURVE('',#2618,#2623);
#2618 = SPHERICAL_SURFACE('',#2619,1.5);
#2619 = AXIS2_PLACEMENT_3D('',#2620,#2621,#2622);
#2620 = CARTESIAN_POINT('',(38.5,1.5,1.5));
#2621 = DIRECTION('',(-0.,1.,0.));
#2622 = DIRECTION('',(0.,0.,-1.));
#2623 = DEFINITIONAL_REPRESENTATION('',(#2624),#2627);
#2624 = B_SPLINE_CURVE_WITH_KNOTS('',1,(#2625,#2626),.UNSPECIFIED.,.F.,
  .F.,(2,2),(4.712388980385,6.28318530718),.PIECEWISE_BEZIER_KNOTS.);
#2625 = CARTESIAN_POINT('',(0.,-1.570796326795));
#2626 = CARTESIAN_POINT('',(0.,0.));
#2627 = ( GEOMETRIC_REPRESENTATION_CONTEXT(2) 
PARAMETRIC_REPRESENTATION_CONTEXT() REPRESENTATION_CONTEXT('2D SPACE',''
  ) );
#2628 = ORIENTED_EDGE('',*,*,#1620,.F.);
#2629 = ADVANCED_FACE('',(#2630),#1659,.T.);
#2630 = FACE_BOUND('',#2631,.F.);
#2631 = EDGE_LOOP('',(#2632,#2633,#2657,#2685));
#2632 = ORIENTED_EDGE('',*,*,#1643,.F.);
#2633 = ORIENTED_EDGE('',*,*,#2634,.T.);
#2634 = EDGE_CURVE('',#1621,#2635,#2637,.T.);
#2635 = VERTEX_POINT('',#2636);
#2636 = CARTESIAN_POINT('',(40.,1.5,1.5));
#2637 = SURFACE_CURVE('',#2638,(#2643,#2650),.PCURVE_S1.);
#2638 = CIRCLE('',#2639,1.5);
#2639 = AXIS2_PLACEMENT_3D('',#2640,#2641,#2642);
#2640 = CARTESIAN_POINT('',(38.5,1.5,1.5));
#2641 = DIRECTION('',(0.,-1.,0.));
#2642 = DIRECTION('',(0.,0.,-1.));
#2643 = PCURVE('',#1659,#2644);
#2644 = DEFINITIONAL_REPRESENTATION('',(#2645),#2649);
#2645 = LINE('',#2646,#2647);
#2646 = CARTESIAN_POINT('',(-0.,1.5));
#2647 = VECTOR('',#2648,1.);
#2648 = DIRECTION('',(-1.,0.));
#2649 = ( GEOMETRIC_REPRESENTATION_CONTEXT(2) 
PARAMETRIC_REPRESENTATION_CONTEXT() REPRESENTATION_CONTEXT('2D SPACE',''
  ) );
#2650 = PCURVE('',#2618,#2651);
#2651 = DEFINITIONAL_REPRESENTATION('',(#2652),#2656);
#2652 = LINE('',#2653,#2654);
#2653 = CARTESIAN_POINT('',(-0.,0.));
#2654 = VECTOR('',#2655,1.);
#2655 = DIRECTION('',(-1.,0.));
#2656 = ( GEOMETRIC_REPRESENTATION_CONTEXT(2) 
PARAMETRIC_REPRESENTATION_CONTEXT() REPRESENTATION_CONTEXT('2D SPACE',''
  ) );
#2657 = ORIENTED_EDGE('',*,*,#2658,.T.);
#2658 = EDGE_CURVE('',#2635,#2659,#2661,.T.);
#2659 = VERTEX_POINT('',#2660);
#2660 = CARTESIAN_POINT('',(40.,32.5,1.5));
#2661 = SURFACE_CURVE('',#2662,(#2666,#2673),.PCURVE_S1.);
#2662 = LINE('',#2663,#2664);
#2663 = CARTESIAN_POINT('',(40.,0.,1.5));
#2664 = VECTOR('',#2665,1.);
#2665 = DIRECTION('',(-0.,1.,0.));
#2666 = PCURVE('',#1659,#2667);
#2667 = DEFINITIONAL_REPRESENTATION('',(#2668),#2672);
#2668 = LINE('',#2669,#2670);
#2669 = CARTESIAN_POINT('',(-1.570796326795,0.));
#2670 = VECTOR('',#2671,1.);
#2671 = DIRECTION('',(-0.,1.));
#2672 = ( GEOMETRIC_REPRESENTATION_CONTEXT(2) 
PARAMETRIC_REPRESENTATION_CONTEXT() REPRESENTATION_CONTEXT('2D SPACE',''
  ) );
#2673 = PCURVE('',#2674,#2679);
#2674 = PLANE('',#2675);
#2675 = AXIS2_PLACEMENT_3D('',#2676,#2677,#2678);
#2676 = CARTESIAN_POINT('',(40.,0.,0.));
#2677 = DIRECTION('',(1.,0.,-0.));
#2678 = DIRECTION('',(0.,0.,1.));
#2679 = DEFINITIONAL_REPRESENTATION('',(#2680),#2684);
#2680 = LINE('',#2681,#2682);
#2681 = CARTESIAN_POINT('',(1.5,0.));
#2682 = VECTOR('',#2683,1.);
#2683 = DIRECTION('',(0.,-1.));
#2684 = ( GEOMETRIC_REPRESENTATION_CONTEXT(2) 
PARAMETRIC_REPRESENTATION_CONTEXT() REPRESENTATION_CONTEXT('2D SPACE',''
  ) );
#2685 = ORIENTED_EDGE('',*,*,#2686,.T.);
#2686 = EDGE_CURVE('',#2659,#1644,#2687,.T.);
#2687 = SURFACE_CURVE('',#2688,(#2693,#2699),.PCURVE_S1.);
#2688 = CIRCLE('',#2689,1.5);
#2689 = AXIS2_PLACEMENT_3D('',#2690,#2691,#2692);
#2690 = CARTESIAN_POINT('',(38.5,32.5,1.5));
#2691 = DIRECTION('',(0.,1.,0.));
#2692 = DIRECTION('',(-0.,0.,-1.));
#2693 = PCURVE('',#1659,#2694);
#2694 = DEFINITIONAL_REPRESENTATION('',(#2695),#2698);
#2695 = B_SPLINE_CURVE_WITH_KNOTS('',1,(#2696,#2697),.UNSPECIFIED.,.F.,
  .F.,(2,2),(4.712388980385,6.28318530718),.PIECEWISE_BEZIER_KNOTS.);
#2696 = CARTESIAN_POINT('',(-1.570796326795,32.5));
#2697 = CARTESIAN_POINT('',(0.,32.5));
#2698 = ( GEOMETRIC_REPRESENTATION_CONTEXT(2) 
PARAMETRIC_REPRESENTATION_CONTEXT() REPRESENTATION_CONTEXT('2D SPACE',''
  ) );
#2699 = PCURVE('',#2700,#2705);
#2700 = SPHERICAL_SURFACE('',#2701,1.5);
#2701 = AXIS2_PLACEMENT_3D('',#2702,#2703,#2704);
#2702 = CARTESIAN_POINT('',(38.5,32.5,1.5));
#2703 = DIRECTION('',(-1.,-0.,0.));
#2704 = DIRECTION('',(-0.,0.,-1.));
#2705 = DEFINITIONAL_REPRESENTATION('',(#2706),#2709);
#2706 = B_SPLINE_CURVE_WITH_KNOTS('',1,(#2707,#2708),.UNSPECIFIED.,.F.,
  .F.,(2,2),(4.712388980385,6.28318530718),.PIECEWISE_BEZIER_KNOTS.);
#2707 = CARTESIAN_POINT('',(0.,-1.570796326795));
#2708 = CARTESIAN_POINT('',(0.,0.));
#2709 = ( GEOMETRIC_REPRESENTATION_CONTEXT(2) 
PARAMETRIC_REPRESENTATION_CONTEXT() REPRESENTATION_CONTEXT('2D SPACE',''
  ) );
#2710 = ADVANCED_FACE('',(#2711),#1687,.T.);
#2711 = FACE_BOUND('',#2712,.T.);
#2712 = EDGE_LOOP('',(#2713,#2733,#2756,#2778));
#2713 = ORIENTED_EDGE('',*,*,#2714,.F.);
#2714 = EDGE_CURVE('',#2522,#1672,#2715,.T.);
#2715 = SURFACE_CURVE('',#2716,(#2721,#2727),.PCURVE_S1.);
#2716 = CIRCLE('',#2717,1.5);
#2717 = AXIS2_PLACEMENT_3D('',#2718,#2719,#2720);
#2718 = CARTESIAN_POINT('',(1.5,32.5,1.5));
#2719 = DIRECTION('',(-1.,0.,-0.));
#2720 = DIRECTION('',(0.,0.,-1.));
#2721 = PCURVE('',#1687,#2722);
#2722 = DEFINITIONAL_REPRESENTATION('',(#2723),#2726);
#2723 = B_SPLINE_CURVE_WITH_KNOTS('',1,(#2724,#2725),.UNSPECIFIED.,.F.,
  .F.,(2,2),(4.712388980385,6.28318530718),.PIECEWISE_BEZIER_KNOTS.);
#2724 = CARTESIAN_POINT('',(1.570796326795,1.5));
#2725 = CARTESIAN_POINT('',(0.,1.5));
#2726 = ( GEOMETRIC_REPRESENTATION_CONTEXT(2) 
PARAMETRIC_REPRESENTATION_CONTEXT() REPRESENTATION_CONTEXT('2D SPACE',''
  ) );
#2727 = PCURVE('',#2505,#2728);
#2728 = DEFINITIONAL_REPRESENTATION('',(#2729),#2732);
#2729 = B_SPLINE_CURVE_WITH_KNOTS('',1,(#2730,#2731),.UNSPECIFIED.,.F.,
  .F.,(2,2),(4.712388980385,6.28318530718),.PIECEWISE_BEZIER_KNOTS.);
#2730 = CARTESIAN_POINT('',(0.,-1.570796326795));
#2731 = CARTESIAN_POINT('',(0.,0.));
#2732 = ( GEOMETRIC_REPRESENTATION_CONTEXT(2) 
PARAMETRIC_REPRESENTATION_CONTEXT() REPRESENTATION_CONTEXT('2D SPACE',''
  ) );
#2733 = ORIENTED_EDGE('',*,*,#2734,.T.);
#2734 = EDGE_CURVE('',#2522,#2735,#2737,.T.);
#2735 = VERTEX_POINT('',#2736);
#2736 = CARTESIAN_POINT('',(38.5,34.,1.5));
#2737 = SURFACE_CURVE('',#2738,(#2742,#2749),.PCURVE_S1.);
#2738 = LINE('',#2739,#2740);
#2739 = CARTESIAN_POINT('',(0.,34.,1.5));
#2740 = VECTOR('',#2741,1.);
#2741 = DIRECTION('',(1.,0.,-0.));
#2742 = PCURVE('',#1687,#2743);
#2743 = DEFINITIONAL_REPRESENTATION('',(#2744),#2748);
#2744 = LINE('',#2745,#2746);
#2745 = CARTESIAN_POINT('',(1.570796326795,0.));
#2746 = VECTOR('',#2747,1.);
#2747 = DIRECTION('',(0.,1.));
#2748 = ( GEOMETRIC_REPRESENTATION_CONTEXT(2) 
PARAMETRIC_REPRESENTATION_CONTEXT() REPRESENTATION_CONTEXT('2D SPACE',''
  ) );
#2749 = PCURVE('',#2559,#2750);
#2750 = DEFINITIONAL_REPRESENTATION('',(#2751),#2755);
#2751 = LINE('',#2752,#2753);
#2752 = CARTESIAN_POINT('',(1.5,0.));
#2753 = VECTOR('',#2754,1.);
#2754 = DIRECTION('',(0.,1.));
#2755 = ( GEOMETRIC_REPRESENTATION_CONTEXT(2) 
PARAMETRIC_REPRESENTATION_CONTEXT() REPRESENTATION_CONTEXT('2D SPACE',''
  ) );
#2756 = ORIENTED_EDGE('',*,*,#2757,.F.);
#2757 = EDGE_CURVE('',#1644,#2735,#2758,.T.);
#2758 = SURFACE_CURVE('',#2759,(#2764,#2771),.PCURVE_S1.);
#2759 = CIRCLE('',#2760,1.5);
#2760 = AXIS2_PLACEMENT_3D('',#2761,#2762,#2763);
#2761 = CARTESIAN_POINT('',(38.5,32.5,1.5));
#2762 = DIRECTION('',(1.,0.,-0.));
#2763 = DIRECTION('',(-0.,0.,-1.));
#2764 = PCURVE('',#1687,#2765);
#2765 = DEFINITIONAL_REPRESENTATION('',(#2766),#2770);
#2766 = LINE('',#2767,#2768);
#2767 = CARTESIAN_POINT('',(0.,38.5));
#2768 = VECTOR('',#2769,1.);
#2769 = DIRECTION('',(1.,0.));
#2770 = ( GEOMETRIC_REPRESENTATION_CONTEXT(2) 
PARAMETRIC_REPRESENTATION_CONTEXT() REPRESENTATION_CONTEXT('2D SPACE',''
  ) );
#2771 = PCURVE('',#2700,#2772);
#2772 = DEFINITIONAL_REPRESENTATION('',(#2773),#2777);
#2773 = LINE('',#2774,#2775);
#2774 = CARTESIAN_POINT('',(-0.,0.));
#2775 = VECTOR('',#2776,1.);
#2776 = DIRECTION('',(-1.,0.));
#2777 = ( GEOMETRIC_REPRESENTATION_CONTEXT(2) 
PARAMETRIC_REPRESENTATION_CONTEXT() REPRESENTATION_CONTEXT('2D SPACE',''
  ) );
#2778 = ORIENTED_EDGE('',*,*,#1671,.F.);
#2779 = ADVANCED_FACE('',(#2780),#1783,.F.);
#2780 = FACE_BOUND('',#2781,.F.);
#2781 = EDGE_LOOP('',(#2782,#2783,#2804,#2805));
#2782 = ORIENTED_EDGE('',*,*,#2096,.F.);
#2783 = ORIENTED_EDGE('',*,*,#2784,.F.);
#2784 = EDGE_CURVE('',#1767,#2097,#2785,.T.);
#2785 = SEAM_CURVE('',#2786,(#2790,#2797),.PCURVE_S1.);
#2786 = LINE('',#2787,#2788);
#2787 = CARTESIAN_POINT('',(18.5,9.,-1.));
#2788 = VECTOR('',#2789,1.);
#2789 = DIRECTION('',(0.,0.,1.));
#2790 = PCURVE('',#1783,#2791);
#2791 = DEFINITIONAL_REPRESENTATION('',(#2792),#2796);
#2792 = LINE('',#2793,#2794);
#2793 = CARTESIAN_POINT('',(6.28318530718,-0.));
#2794 = VECTOR('',#2795,1.);
#2795 = DIRECTION('',(0.,1.));
#2796 = ( GEOMETRIC_REPRESENTATION_CONTEXT(2) 
PARAMETRIC_REPRESENTATION_CONTEXT() REPRESENTATION_CONTEXT('2D SPACE',''
  ) );
#2797 = PCURVE('',#1783,#2798);
#2798 = DEFINITIONAL_REPRESENTATION('',(#2799),#2803);
#2799 = LINE('',#2800,#2801);
#2800 = CARTESIAN_POINT('',(0.,-0.));
#2801 = VECTOR('',#2802,1.);
#2802 = DIRECTION('',(0.,1.));
#2803 = ( GEOMETRIC_REPRESENTATION_CONTEXT(2) 
PARAMETRIC_REPRESENTATION_CONTEXT() REPRESENTATION_CONTEXT('2D SPACE',''
  ) );
#2804 = ORIENTED_EDGE('',*,*,#1766,.T.);
#2805 = ORIENTED_EDGE('',*,*,#2784,.T.);
#2806 = ADVANCED_FACE('',(#2807),#1814,.F.);
#2807 = FACE_BOUND('',#2808,.F.);
#2808 = EDGE_LOOP('',(#2809,#2810,#2831,#2832));
#2809 = ORIENTED_EDGE('',*,*,#2122,.F.);
#2810 = ORIENTED_EDGE('',*,*,#2811,.F.);
#2811 = EDGE_CURVE('',#1798,#2123,#2812,.T.);
#2812 = SEAM_CURVE('',#2813,(#2817,#2824),.PCURVE_S1.);
#2813 = LINE('',#2814,#2815);
#2814 = CARTESIAN_POINT('',(32.5,25.,-1.));
#2815 = VECTOR('',#2816,1.);
#2816 = DIRECTION('',(0.,0.,1.));
#2817 = PCURVE('',#1814,#2818);
#2818 = DEFINITIONAL_REPRESENTATION('',(#2819),#2823);
#2819 = LINE('',#2820,#2821);
#2820 = CARTESIAN_POINT('',(6.28318530718,-0.));
#2821 = VECTOR('',#2822,1.);
#2822 = DIRECTION('',(0.,1.));
#2823 = ( GEOMETRIC_REPRESENTATION_CONTEXT(2) 
PARAMETRIC_REPRESENTATION_CONTEXT() REPRESENTATION_CONTEXT('2D SPACE',''
  ) );
#2824 = PCURVE('',#1814,#2825);
#2825 = DEFINITIONAL_REPRESENTATION('',(#2826),#2830);
#2826 = LINE('',#2827,#2828);
#2827 = CARTESIAN_POINT('',(0.,-0.));
#2828 = VECTOR('',#2829,1.);
#2829 = DIRECTION('',(0.,1.));
#2830 = ( GEOMETRIC_REPRESENTATION_CONTEXT(2) 
PARAMETRIC_REPRESENTATION_CONTEXT() REPRESENTATION_CONTEXT('2D SPACE',''
  ) );
#2831 = ORIENTED_EDGE('',*,*,#1797,.T.);
#2832 = ORIENTED_EDGE('',*,*,#2811,.T.);
#2833 = ADVANCED_FACE('',(#2834),#1844,.T.);
#2834 = FACE_BOUND('',#2835,.T.);
#2835 = EDGE_LOOP('',(#2836,#2837,#2838,#2863));
#2836 = ORIENTED_EDGE('',*,*,#1830,.F.);
#2837 = ORIENTED_EDGE('',*,*,#2150,.T.);
#2838 = ORIENTED_EDGE('',*,*,#2839,.T.);
#2839 = EDGE_CURVE('',#2151,#1887,#2840,.T.);
#2840 = SURFACE_CURVE('',#2841,(#2846,#2852),.PCURVE_S1.);
#2841 = CIRCLE('',#2842,1.5);
#2842 = AXIS2_PLACEMENT_3D('',#2843,#2844,#2845);
#2843 = CARTESIAN_POINT('',(38.5,1.5,3.5));
#2844 = DIRECTION('',(-1.,-0.,0.));
#2845 = DIRECTION('',(0.,0.,1.));
#2846 = PCURVE('',#1844,#2847);
#2847 = DEFINITIONAL_REPRESENTATION('',(#2848),#2851);
#2848 = B_SPLINE_CURVE_WITH_KNOTS('',1,(#2849,#2850),.UNSPECIFIED.,.F.,
  .F.,(2,2),(4.712388980385,6.28318530718),.PIECEWISE_BEZIER_KNOTS.);
#2849 = CARTESIAN_POINT('',(1.570796326795,38.5));
#2850 = CARTESIAN_POINT('',(0.,38.5));
#2851 = ( GEOMETRIC_REPRESENTATION_CONTEXT(2) 
PARAMETRIC_REPRESENTATION_CONTEXT() REPRESENTATION_CONTEXT('2D SPACE',''
  ) );
#2852 = PCURVE('',#2853,#2858);
#2853 = SPHERICAL_SURFACE('',#2854,1.5);
#2854 = AXIS2_PLACEMENT_3D('',#2855,#2856,#2857);
#2855 = CARTESIAN_POINT('',(38.5,1.5,3.5));
#2856 = DIRECTION('',(-0.,1.,0.));
#2857 = DIRECTION('',(0.,0.,1.));
#2858 = DEFINITIONAL_REPRESENTATION('',(#2859),#2862);
#2859 = B_SPLINE_CURVE_WITH_KNOTS('',1,(#2860,#2861),.UNSPECIFIED.,.F.,
  .F.,(2,2),(4.712388980385,6.28318530718),.PIECEWISE_BEZIER_KNOTS.);
#2860 = CARTESIAN_POINT('',(0.,-1.570796326795));
#2861 = CARTESIAN_POINT('',(0.,0.));
#2862 = ( GEOMETRIC_REPRESENTATION_CONTEXT(2) 
PARAMETRIC_REPRESENTATION_CONTEXT() REPRESENTATION_CONTEXT('2D SPACE',''
  ) );
#2863 = ORIENTED_EDGE('',*,*,#1886,.F.);
#2864 = ADVANCED_FACE('',(#2865),#1874,.F.);
#2865 = FACE_BOUND('',#2866,.F.);
#2866 = EDGE_LOOP('',(#2867,#2868,#2869,#2897));
#2867 = ORIENTED_EDGE('',*,*,#1859,.T.);
#2868 = ORIENTED_EDGE('',*,*,#2254,.T.);
#2869 = ORIENTED_EDGE('',*,*,#2870,.T.);
#2870 = EDGE_CURVE('',#2228,#2871,#2873,.T.);
#2871 = VERTEX_POINT('',#2872);
#2872 = CARTESIAN_POINT('',(3.5,2.,26.5));
#2873 = SURFACE_CURVE('',#2874,(#2878,#2885),.PCURVE_S1.);
#2874 = LINE('',#2875,#2876);
#2875 = CARTESIAN_POINT('',(0.,2.,26.5));
#2876 = VECTOR('',#2877,1.);
#2877 = DIRECTION('',(1.,0.,-0.));
#2878 = PCURVE('',#1874,#2879);
#2879 = DEFINITIONAL_REPRESENTATION('',(#2880),#2884);
#2880 = LINE('',#2881,#2882);
#2881 = CARTESIAN_POINT('',(26.5,0.));
#2882 = VECTOR('',#2883,1.);
#2883 = DIRECTION('',(0.,1.));
#2884 = ( GEOMETRIC_REPRESENTATION_CONTEXT(2) 
PARAMETRIC_REPRESENTATION_CONTEXT() REPRESENTATION_CONTEXT('2D SPACE',''
  ) );
#2885 = PCURVE('',#2886,#2891);
#2886 = CYLINDRICAL_SURFACE('',#2887,1.5);
#2887 = AXIS2_PLACEMENT_3D('',#2888,#2889,#2890);
#2888 = CARTESIAN_POINT('',(0.,3.5,26.5));
#2889 = DIRECTION('',(1.,0.,-0.));
#2890 = DIRECTION('',(0.,-1.,0.));
#2891 = DEFINITIONAL_REPRESENTATION('',(#2892),#2896);
#2892 = LINE('',#2893,#2894);
#2893 = CARTESIAN_POINT('',(-0.,0.));
#2894 = VECTOR('',#2895,1.);
#2895 = DIRECTION('',(-0.,1.));
#2896 = ( GEOMETRIC_REPRESENTATION_CONTEXT(2) 
PARAMETRIC_REPRESENTATION_CONTEXT() REPRESENTATION_CONTEXT('2D SPACE',''
  ) );
#2897 = ORIENTED_EDGE('',*,*,#2898,.F.);
#2898 = EDGE_CURVE('',#1860,#2871,#2899,.T.);
#2899 = SURFACE_CURVE('',#2900,(#2904,#2911),.PCURVE_S1.);
#2900 = LINE('',#2901,#2902);
#2901 = CARTESIAN_POINT('',(3.5,2.,5.));
#2902 = VECTOR('',#2903,1.);
#2903 = DIRECTION('',(0.,0.,1.));
#2904 = PCURVE('',#1874,#2905);
#2905 = DEFINITIONAL_REPRESENTATION('',(#2906),#2910);
#2906 = LINE('',#2907,#2908);
#2907 = CARTESIAN_POINT('',(5.,3.5));
#2908 = VECTOR('',#2909,1.);
#2909 = DIRECTION('',(1.,0.));
#2910 = ( GEOMETRIC_REPRESENTATION_CONTEXT(2) 
PARAMETRIC_REPRESENTATION_CONTEXT() REPRESENTATION_CONTEXT('2D SPACE',''
  ) );
#2911 = PCURVE('',#2082,#2912);
#2912 = DEFINITIONAL_REPRESENTATION('',(#2913),#2917);
#2913 = LINE('',#2914,#2915);
#2914 = CARTESIAN_POINT('',(0.,0.));
#2915 = VECTOR('',#2916,1.);
#2916 = DIRECTION('',(0.,1.));
#2917 = ( GEOMETRIC_REPRESENTATION_CONTEXT(2) 
PARAMETRIC_REPRESENTATION_CONTEXT() REPRESENTATION_CONTEXT('2D SPACE',''
  ) );
#2918 = ADVANCED_FACE('',(#2919),#2082,.T.);
#2919 = FACE_BOUND('',#2920,.T.);
#2920 = EDGE_LOOP('',(#2921,#2922,#2945,#2972));
#2921 = ORIENTED_EDGE('',*,*,#2067,.T.);
#2922 = ORIENTED_EDGE('',*,*,#2923,.T.);
#2923 = EDGE_CURVE('',#2042,#2924,#2926,.T.);
#2924 = VERTEX_POINT('',#2925);
#2925 = CARTESIAN_POINT('',(5.,3.5,26.5));
#2926 = SURFACE_CURVE('',#2927,(#2931,#2938),.PCURVE_S1.);
#2927 = LINE('',#2928,#2929);
#2928 = CARTESIAN_POINT('',(5.,3.5,5.));
#2929 = VECTOR('',#2930,1.);
#2930 = DIRECTION('',(0.,0.,1.));
#2931 = PCURVE('',#2082,#2932);
#2932 = DEFINITIONAL_REPRESENTATION('',(#2933),#2937);
#2933 = LINE('',#2934,#2935);
#2934 = CARTESIAN_POINT('',(1.570796326795,0.));
#2935 = VECTOR('',#2936,1.);
#2936 = DIRECTION('',(0.,1.));
#2937 = ( GEOMETRIC_REPRESENTATION_CONTEXT(2) 
PARAMETRIC_REPRESENTATION_CONTEXT() REPRESENTATION_CONTEXT('2D SPACE',''
  ) );
#2938 = PCURVE('',#2056,#2939);
#2939 = DEFINITIONAL_REPRESENTATION('',(#2940),#2944);
#2940 = LINE('',#2941,#2942);
#2941 = CARTESIAN_POINT('',(5.,-1.5));
#2942 = VECTOR('',#2943,1.);
#2943 = DIRECTION('',(1.,0.));
#2944 = ( GEOMETRIC_REPRESENTATION_CONTEXT(2) 
PARAMETRIC_REPRESENTATION_CONTEXT() REPRESENTATION_CONTEXT('2D SPACE',''
  ) );
#2945 = ORIENTED_EDGE('',*,*,#2946,.F.);
#2946 = EDGE_CURVE('',#2871,#2924,#2947,.T.);
#2947 = SURFACE_CURVE('',#2948,(#2953,#2960),.PCURVE_S1.);
#2948 = CIRCLE('',#2949,1.5);
#2949 = AXIS2_PLACEMENT_3D('',#2950,#2951,#2952);
#2950 = CARTESIAN_POINT('',(3.5,3.5,26.5));
#2951 = DIRECTION('',(0.,0.,1.));
#2952 = DIRECTION('',(0.,-1.,0.));
#2953 = PCURVE('',#2082,#2954);
#2954 = DEFINITIONAL_REPRESENTATION('',(#2955),#2959);
#2955 = LINE('',#2956,#2957);
#2956 = CARTESIAN_POINT('',(0.,21.5));
#2957 = VECTOR('',#2958,1.);
#2958 = DIRECTION('',(1.,0.));
#2959 = ( GEOMETRIC_REPRESENTATION_CONTEXT(2) 
PARAMETRIC_REPRESENTATION_CONTEXT() REPRESENTATION_CONTEXT('2D SPACE',''
  ) );
#2960 = PCURVE('',#2961,#2966);
#2961 = SPHERICAL_SURFACE('',#2962,1.5);
#2962 = AXIS2_PLACEMENT_3D('',#2963,#2964,#2965);
#2963 = CARTESIAN_POINT('',(3.5,3.5,26.5));
#2964 = DIRECTION('',(-0.,-0.,-1.));
#2965 = DIRECTION('',(0.,-1.,0.));
#2966 = DEFINITIONAL_REPRESENTATION('',(#2967),#2971);
#2967 = LINE('',#2968,#2969);
#2968 = CARTESIAN_POINT('',(-0.,0.));
#2969 = VECTOR('',#2970,1.);
#2970 = DIRECTION('',(-1.,0.));
#2971 = ( GEOMETRIC_REPRESENTATION_CONTEXT(2) 
PARAMETRIC_REPRESENTATION_CONTEXT() REPRESENTATION_CONTEXT('2D SPACE',''
  ) );
#2972 = ORIENTED_EDGE('',*,*,#2898,.F.);
#2973 = ADVANCED_FACE('',(#2974,#3027),#2056,.T.);
#2974 = FACE_BOUND('',#2975,.T.);
#2975 = EDGE_LOOP('',(#2976,#2977,#3000,#3026));
#2976 = ORIENTED_EDGE('',*,*,#2041,.T.);
#2977 = ORIENTED_EDGE('',*,*,#2978,.T.);
#2978 = EDGE_CURVE('',#2013,#2979,#2981,.T.);
#2979 = VERTEX_POINT('',#2980);
#2980 = CARTESIAN_POINT('',(5.,30.5,26.5));
#2981 = SURFACE_CURVE('',#2982,(#2986,#2993),.PCURVE_S1.);
#2982 = LINE('',#2983,#2984);
#2983 = CARTESIAN_POINT('',(5.,30.5,5.));
#2984 = VECTOR('',#2985,1.);
#2985 = DIRECTION('',(0.,0.,1.));
#2986 = PCURVE('',#2056,#2987);
#2987 = DEFINITIONAL_REPRESENTATION('',(#2988),#2992);
#2988 = LINE('',#2989,#2990);
#2989 = CARTESIAN_POINT('',(5.,-28.5));
#2990 = VECTOR('',#2991,1.);
#2991 = DIRECTION('',(1.,0.));
#2992 = ( GEOMETRIC_REPRESENTATION_CONTEXT(2) 
PARAMETRIC_REPRESENTATION_CONTEXT() REPRESENTATION_CONTEXT('2D SPACE',''
  ) );
#2993 = PCURVE('',#2029,#2994);
#2994 = DEFINITIONAL_REPRESENTATION('',(#2995),#2999);
#2995 = LINE('',#2996,#2997);
#2996 = CARTESIAN_POINT('',(0.,0.));
#2997 = VECTOR('',#2998,1.);
#2998 = DIRECTION('',(0.,1.));
#2999 = ( GEOMETRIC_REPRESENTATION_CONTEXT(2) 
PARAMETRIC_REPRESENTATION_CONTEXT() REPRESENTATION_CONTEXT('2D SPACE',''
  ) );
#3000 = ORIENTED_EDGE('',*,*,#3001,.F.);
#3001 = EDGE_CURVE('',#2924,#2979,#3002,.T.);
#3002 = SURFACE_CURVE('',#3003,(#3007,#3014),.PCURVE_S1.);
#3003 = LINE('',#3004,#3005);
#3004 = CARTESIAN_POINT('',(5.,2.,26.5));
#3005 = VECTOR('',#3006,1.);
#3006 = DIRECTION('',(-0.,1.,0.));
#3007 = PCURVE('',#2056,#3008);
#3008 = DEFINITIONAL_REPRESENTATION('',(#3009),#3013);
#3009 = LINE('',#3010,#3011);
#3010 = CARTESIAN_POINT('',(26.5,0.));
#3011 = VECTOR('',#3012,1.);
#3012 = DIRECTION('',(0.,-1.));
#3013 = ( GEOMETRIC_REPRESENTATION_CONTEXT(2) 
PARAMETRIC_REPRESENTATION_CONTEXT() REPRESENTATION_CONTEXT('2D SPACE',''
  ) );
#3014 = PCURVE('',#3015,#3020);
#3015 = CYLINDRICAL_SURFACE('',#3016,1.5);
#3016 = AXIS2_PLACEMENT_3D('',#3017,#3018,#3019);
#3017 = CARTESIAN_POINT('',(3.5,2.,26.5));
#3018 = DIRECTION('',(-0.,1.,0.));
#3019 = DIRECTION('',(1.,0.,-0.));
#3020 = DEFINITIONAL_REPRESENTATION('',(#3021),#3025);
#3021 = LINE('',#3022,#3023);
#3022 = CARTESIAN_POINT('',(-0.,0.));
#3023 = VECTOR('',#3024,1.);
#3024 = DIRECTION('',(-0.,1.));
#3025 = ( GEOMETRIC_REPRESENTATION_CONTEXT(2) 
PARAMETRIC_REPRESENTATION_CONTEXT() REPRESENTATION_CONTEXT('2D SPACE',''
  ) );
#3026 = ORIENTED_EDGE('',*,*,#2923,.F.);
#3027 = FACE_BOUND('',#3028,.T.);
#3028 = EDGE_LOOP('',(#3029));
#3029 = ORIENTED_EDGE('',*,*,#2405,.F.);
#3030 = ADVANCED_FACE('',(#3031),#2029,.T.);
#3031 = FACE_BOUND('',#3032,.T.);
#3032 = EDGE_LOOP('',(#3033,#3034,#3057,#3082));
#3033 = ORIENTED_EDGE('',*,*,#2012,.T.);
#3034 = ORIENTED_EDGE('',*,*,#3035,.T.);
#3035 = EDGE_CURVE('',#1987,#3036,#3038,.T.);
#3036 = VERTEX_POINT('',#3037);
#3037 = CARTESIAN_POINT('',(3.5,32.,26.5));
#3038 = SURFACE_CURVE('',#3039,(#3043,#3050),.PCURVE_S1.);
#3039 = LINE('',#3040,#3041);
#3040 = CARTESIAN_POINT('',(3.5,32.,5.));
#3041 = VECTOR('',#3042,1.);
#3042 = DIRECTION('',(0.,0.,1.));
#3043 = PCURVE('',#2029,#3044);
#3044 = DEFINITIONAL_REPRESENTATION('',(#3045),#3049);
#3045 = LINE('',#3046,#3047);
#3046 = CARTESIAN_POINT('',(1.570796326795,0.));
#3047 = VECTOR('',#3048,1.);
#3048 = DIRECTION('',(0.,1.));
#3049 = ( GEOMETRIC_REPRESENTATION_CONTEXT(2) 
PARAMETRIC_REPRESENTATION_CONTEXT() REPRESENTATION_CONTEXT('2D SPACE',''
  ) );
#3050 = PCURVE('',#2001,#3051);
#3051 = DEFINITIONAL_REPRESENTATION('',(#3052),#3056);
#3052 = LINE('',#3053,#3054);
#3053 = CARTESIAN_POINT('',(5.,3.5));
#3054 = VECTOR('',#3055,1.);
#3055 = DIRECTION('',(1.,0.));
#3056 = ( GEOMETRIC_REPRESENTATION_CONTEXT(2) 
PARAMETRIC_REPRESENTATION_CONTEXT() REPRESENTATION_CONTEXT('2D SPACE',''
  ) );
#3057 = ORIENTED_EDGE('',*,*,#3058,.T.);
#3058 = EDGE_CURVE('',#3036,#2979,#3059,.T.);
#3059 = SURFACE_CURVE('',#3060,(#3065,#3071),.PCURVE_S1.);
#3060 = CIRCLE('',#3061,1.5);
#3061 = AXIS2_PLACEMENT_3D('',#3062,#3063,#3064);
#3062 = CARTESIAN_POINT('',(3.5,30.5,26.5));
#3063 = DIRECTION('',(0.,0.,-1.));
#3064 = DIRECTION('',(1.,0.,0.));
#3065 = PCURVE('',#2029,#3066);
#3066 = DEFINITIONAL_REPRESENTATION('',(#3067),#3070);
#3067 = B_SPLINE_CURVE_WITH_KNOTS('',1,(#3068,#3069),.UNSPECIFIED.,.F.,
  .F.,(2,2),(4.712388980385,6.28318530718),.PIECEWISE_BEZIER_KNOTS.);
#3068 = CARTESIAN_POINT('',(1.570796326795,21.5));
#3069 = CARTESIAN_POINT('',(0.,21.5));
#3070 = ( GEOMETRIC_REPRESENTATION_CONTEXT(2) 
PARAMETRIC_REPRESENTATION_CONTEXT() REPRESENTATION_CONTEXT('2D SPACE',''
  ) );
#3071 = PCURVE('',#3072,#3077);
#3072 = SPHERICAL_SURFACE('',#3073,1.5);
#3073 = AXIS2_PLACEMENT_3D('',#3074,#3075,#3076);
#3074 = CARTESIAN_POINT('',(3.5,30.5,26.5));
#3075 = DIRECTION('',(0.,-1.,-0.));
#3076 = DIRECTION('',(1.,0.,0.));
#3077 = DEFINITIONAL_REPRESENTATION('',(#3078),#3081);
#3078 = B_SPLINE_CURVE_WITH_KNOTS('',1,(#3079,#3080),.UNSPECIFIED.,.F.,
  .F.,(2,2),(4.712388980385,6.28318530718),.PIECEWISE_BEZIER_KNOTS.);
#3079 = CARTESIAN_POINT('',(0.,-1.570796326795));
#3080 = CARTESIAN_POINT('',(0.,0.));
#3081 = ( GEOMETRIC_REPRESENTATION_CONTEXT(2) 
PARAMETRIC_REPRESENTATION_CONTEXT() REPRESENTATION_CONTEXT('2D SPACE',''
  ) );
#3082 = ORIENTED_EDGE('',*,*,#2978,.F.);
#3083 = ADVANCED_FACE('',(#3084),#1925,.T.);
#3084 = FACE_BOUND('',#3085,.T.);
#3085 = EDGE_LOOP('',(#3086,#3087,#3111,#3134));
#3086 = ORIENTED_EDGE('',*,*,#1909,.F.);
#3087 = ORIENTED_EDGE('',*,*,#3088,.T.);
#3088 = EDGE_CURVE('',#1887,#3089,#3091,.T.);
#3089 = VERTEX_POINT('',#3090);
#3090 = CARTESIAN_POINT('',(40.,1.5,3.5));
#3091 = SURFACE_CURVE('',#3092,(#3097,#3104),.PCURVE_S1.);
#3092 = CIRCLE('',#3093,1.5);
#3093 = AXIS2_PLACEMENT_3D('',#3094,#3095,#3096);
#3094 = CARTESIAN_POINT('',(38.5,1.5,3.5));
#3095 = DIRECTION('',(-0.,1.,0.));
#3096 = DIRECTION('',(0.,0.,1.));
#3097 = PCURVE('',#1925,#3098);
#3098 = DEFINITIONAL_REPRESENTATION('',(#3099),#3103);
#3099 = LINE('',#3100,#3101);
#3100 = CARTESIAN_POINT('',(0.,1.5));
#3101 = VECTOR('',#3102,1.);
#3102 = DIRECTION('',(1.,0.));
#3103 = ( GEOMETRIC_REPRESENTATION_CONTEXT(2) 
PARAMETRIC_REPRESENTATION_CONTEXT() REPRESENTATION_CONTEXT('2D SPACE',''
  ) );
#3104 = PCURVE('',#2853,#3105);
#3105 = DEFINITIONAL_REPRESENTATION('',(#3106),#3110);
#3106 = LINE('',#3107,#3108);
#3107 = CARTESIAN_POINT('',(0.,0.));
#3108 = VECTOR('',#3109,1.);
#3109 = DIRECTION('',(1.,0.));
#3110 = ( GEOMETRIC_REPRESENTATION_CONTEXT(2) 
PARAMETRIC_REPRESENTATION_CONTEXT() REPRESENTATION_CONTEXT('2D SPACE',''
  ) );
#3111 = ORIENTED_EDGE('',*,*,#3112,.T.);
#3112 = EDGE_CURVE('',#3089,#3113,#3115,.T.);
#3113 = VERTEX_POINT('',#3114);
#3114 = CARTESIAN_POINT('',(40.,32.5,3.5));
#3115 = SURFACE_CURVE('',#3116,(#3120,#3127),.PCURVE_S1.);
#3116 = LINE('',#3117,#3118);
#3117 = CARTESIAN_POINT('',(40.,0.,3.5));
#3118 = VECTOR('',#3119,1.);
#3119 = DIRECTION('',(-0.,1.,0.));
#3120 = PCURVE('',#1925,#3121);
#3121 = DEFINITIONAL_REPRESENTATION('',(#3122),#3126);
#3122 = LINE('',#3123,#3124);
#3123 = CARTESIAN_POINT('',(1.570796326795,0.));
#3124 = VECTOR('',#3125,1.);
#3125 = DIRECTION('',(0.,1.));
#3126 = ( GEOMETRIC_REPRESENTATION_CONTEXT(2) 
PARAMETRIC_REPRESENTATION_CONTEXT() REPRESENTATION_CONTEXT('2D SPACE',''
  ) );
#3127 = PCURVE('',#2674,#3128);
#3128 = DEFINITIONAL_REPRESENTATION('',(#3129),#3133);
#3129 = LINE('',#3130,#3131);
#3130 = CARTESIAN_POINT('',(3.5,0.));
#3131 = VECTOR('',#3132,1.);
#3132 = DIRECTION('',(0.,-1.));
#3133 = ( GEOMETRIC_REPRESENTATION_CONTEXT(2) 
PARAMETRIC_REPRESENTATION_CONTEXT() REPRESENTATION_CONTEXT('2D SPACE',''
  ) );
#3134 = ORIENTED_EDGE('',*,*,#3135,.T.);
#3135 = EDGE_CURVE('',#3113,#1910,#3136,.T.);
#3136 = SURFACE_CURVE('',#3137,(#3142,#3148),.PCURVE_S1.);
#3137 = CIRCLE('',#3138,1.5);
#3138 = AXIS2_PLACEMENT_3D('',#3139,#3140,#3141);
#3139 = CARTESIAN_POINT('',(38.5,32.5,3.5));
#3140 = DIRECTION('',(0.,-1.,0.));
#3141 = DIRECTION('',(0.,0.,1.));
#3142 = PCURVE('',#1925,#3143);
#3143 = DEFINITIONAL_REPRESENTATION('',(#3144),#3147);
#3144 = B_SPLINE_CURVE_WITH_KNOTS('',1,(#3145,#3146),.UNSPECIFIED.,.F.,
  .F.,(2,2),(4.712388980385,6.28318530718),.PIECEWISE_BEZIER_KNOTS.);
#3145 = CARTESIAN_POINT('',(1.570796326795,32.5));
#3146 = CARTESIAN_POINT('',(0.,32.5));
#3147 = ( GEOMETRIC_REPRESENTATION_CONTEXT(2) 
PARAMETRIC_REPRESENTATION_CONTEXT() REPRESENTATION_CONTEXT('2D SPACE',''
  ) );
#3148 = PCURVE('',#3149,#3154);
#3149 = SPHERICAL_SURFACE('',#3150,1.5);
#3150 = AXIS2_PLACEMENT_3D('',#3151,#3152,#3153);
#3151 = CARTESIAN_POINT('',(38.5,32.5,3.5));
#3152 = DIRECTION('',(-1.,-0.,0.));
#3153 = DIRECTION('',(0.,0.,1.));
#3154 = DEFINITIONAL_REPRESENTATION('',(#3155),#3158);
#3155 = B_SPLINE_CURVE_WITH_KNOTS('',1,(#3156,#3157),.UNSPECIFIED.,.F.,
  .F.,(2,2),(4.712388980385,6.28318530718),.PIECEWISE_BEZIER_KNOTS.);
#3156 = CARTESIAN_POINT('',(0.,-1.570796326795));
#3157 = CARTESIAN_POINT('',(0.,0.));
#3158 = ( GEOMETRIC_REPRESENTATION_CONTEXT(2) 
PARAMETRIC_REPRESENTATION_CONTEXT() REPRESENTATION_CONTEXT('2D SPACE',''
  ) );
#3159 = ADVANCED_FACE('',(#3160),#2001,.T.);
#3160 = FACE_BOUND('',#3161,.T.);
#3161 = EDGE_LOOP('',(#3162,#3163,#3164,#3190));
#3162 = ORIENTED_EDGE('',*,*,#1986,.T.);
#3163 = ORIENTED_EDGE('',*,*,#2307,.T.);
#3164 = ORIENTED_EDGE('',*,*,#3165,.T.);
#3165 = EDGE_CURVE('',#2281,#3036,#3166,.T.);
#3166 = SURFACE_CURVE('',#3167,(#3171,#3178),.PCURVE_S1.);
#3167 = LINE('',#3168,#3169);
#3168 = CARTESIAN_POINT('',(0.,32.,26.5));
#3169 = VECTOR('',#3170,1.);
#3170 = DIRECTION('',(1.,0.,-0.));
#3171 = PCURVE('',#2001,#3172);
#3172 = DEFINITIONAL_REPRESENTATION('',(#3173),#3177);
#3173 = LINE('',#3174,#3175);
#3174 = CARTESIAN_POINT('',(26.5,0.));
#3175 = VECTOR('',#3176,1.);
#3176 = DIRECTION('',(0.,1.));
#3177 = ( GEOMETRIC_REPRESENTATION_CONTEXT(2) 
PARAMETRIC_REPRESENTATION_CONTEXT() REPRESENTATION_CONTEXT('2D SPACE',''
  ) );
#3178 = PCURVE('',#3179,#3184);
#3179 = CYLINDRICAL_SURFACE('',#3180,1.5);
#3180 = AXIS2_PLACEMENT_3D('',#3181,#3182,#3183);
#3181 = CARTESIAN_POINT('',(0.,30.5,26.5));
#3182 = DIRECTION('',(1.,0.,-0.));
#3183 = DIRECTION('',(0.,1.,0.));
#3184 = DEFINITIONAL_REPRESENTATION('',(#3185),#3189);
#3185 = LINE('',#3186,#3187);
#3186 = CARTESIAN_POINT('',(0.,0.));
#3187 = VECTOR('',#3188,1.);
#3188 = DIRECTION('',(0.,1.));
#3189 = ( GEOMETRIC_REPRESENTATION_CONTEXT(2) 
PARAMETRIC_REPRESENTATION_CONTEXT() REPRESENTATION_CONTEXT('2D SPACE',''
  ) );
#3190 = ORIENTED_EDGE('',*,*,#3035,.F.);
#3191 = ADVANCED_FACE('',(#3192),#1953,.T.);
#3192 = FACE_BOUND('',#3193,.F.);
#3193 = EDGE_LOOP('',(#3194,#3214,#3237,#3259));
#3194 = ORIENTED_EDGE('',*,*,#3195,.F.);
#3195 = EDGE_CURVE('',#2544,#1938,#3196,.T.);
#3196 = SURFACE_CURVE('',#3197,(#3202,#3208),.PCURVE_S1.);
#3197 = CIRCLE('',#3198,1.5);
#3198 = AXIS2_PLACEMENT_3D('',#3199,#3200,#3201);
#3199 = CARTESIAN_POINT('',(1.5,32.5,3.5));
#3200 = DIRECTION('',(1.,0.,-0.));
#3201 = DIRECTION('',(0.,0.,1.));
#3202 = PCURVE('',#1953,#3203);
#3203 = DEFINITIONAL_REPRESENTATION('',(#3204),#3207);
#3204 = B_SPLINE_CURVE_WITH_KNOTS('',1,(#3205,#3206),.UNSPECIFIED.,.F.,
  .F.,(2,2),(4.712388980385,6.28318530718),.PIECEWISE_BEZIER_KNOTS.);
#3205 = CARTESIAN_POINT('',(-1.570796326795,1.5));
#3206 = CARTESIAN_POINT('',(0.,1.5));
#3207 = ( GEOMETRIC_REPRESENTATION_CONTEXT(2) 
PARAMETRIC_REPRESENTATION_CONTEXT() REPRESENTATION_CONTEXT('2D SPACE',''
  ) );
#3208 = PCURVE('',#2472,#3209);
#3209 = DEFINITIONAL_REPRESENTATION('',(#3210),#3213);
#3210 = B_SPLINE_CURVE_WITH_KNOTS('',1,(#3211,#3212),.UNSPECIFIED.,.F.,
  .F.,(2,2),(4.712388980385,6.28318530718),.PIECEWISE_BEZIER_KNOTS.);
#3211 = CARTESIAN_POINT('',(0.,-1.570796326795));
#3212 = CARTESIAN_POINT('',(0.,0.));
#3213 = ( GEOMETRIC_REPRESENTATION_CONTEXT(2) 
PARAMETRIC_REPRESENTATION_CONTEXT() REPRESENTATION_CONTEXT('2D SPACE',''
  ) );
#3214 = ORIENTED_EDGE('',*,*,#3215,.T.);
#3215 = EDGE_CURVE('',#2544,#3216,#3218,.T.);
#3216 = VERTEX_POINT('',#3217);
#3217 = CARTESIAN_POINT('',(38.5,34.,3.5));
#3218 = SURFACE_CURVE('',#3219,(#3223,#3230),.PCURVE_S1.);
#3219 = LINE('',#3220,#3221);
#3220 = CARTESIAN_POINT('',(0.,34.,3.5));
#3221 = VECTOR('',#3222,1.);
#3222 = DIRECTION('',(1.,0.,-0.));
#3223 = PCURVE('',#1953,#3224);
#3224 = DEFINITIONAL_REPRESENTATION('',(#3225),#3229);
#3225 = LINE('',#3226,#3227);
#3226 = CARTESIAN_POINT('',(-1.570796326795,0.));
#3227 = VECTOR('',#3228,1.);
#3228 = DIRECTION('',(-0.,1.));
#3229 = ( GEOMETRIC_REPRESENTATION_CONTEXT(2) 
PARAMETRIC_REPRESENTATION_CONTEXT() REPRESENTATION_CONTEXT('2D SPACE',''
  ) );
#3230 = PCURVE('',#2559,#3231);
#3231 = DEFINITIONAL_REPRESENTATION('',(#3232),#3236);
#3232 = LINE('',#3233,#3234);
#3233 = CARTESIAN_POINT('',(3.5,0.));
#3234 = VECTOR('',#3235,1.);
#3235 = DIRECTION('',(0.,1.));
#3236 = ( GEOMETRIC_REPRESENTATION_CONTEXT(2) 
PARAMETRIC_REPRESENTATION_CONTEXT() REPRESENTATION_CONTEXT('2D SPACE',''
  ) );
#3237 = ORIENTED_EDGE('',*,*,#3238,.F.);
#3238 = EDGE_CURVE('',#1910,#3216,#3239,.T.);
#3239 = SURFACE_CURVE('',#3240,(#3245,#3252),.PCURVE_S1.);
#3240 = CIRCLE('',#3241,1.5);
#3241 = AXIS2_PLACEMENT_3D('',#3242,#3243,#3244);
#3242 = CARTESIAN_POINT('',(38.5,32.5,3.5));
#3243 = DIRECTION('',(-1.,-0.,0.));
#3244 = DIRECTION('',(0.,0.,1.));
#3245 = PCURVE('',#1953,#3246);
#3246 = DEFINITIONAL_REPRESENTATION('',(#3247),#3251);
#3247 = LINE('',#3248,#3249);
#3248 = CARTESIAN_POINT('',(-0.,38.5));
#3249 = VECTOR('',#3250,1.);
#3250 = DIRECTION('',(-1.,0.));
#3251 = ( GEOMETRIC_REPRESENTATION_CONTEXT(2) 
PARAMETRIC_REPRESENTATION_CONTEXT() REPRESENTATION_CONTEXT('2D SPACE',''
  ) );
#3252 = PCURVE('',#3149,#3253);
#3253 = DEFINITIONAL_REPRESENTATION('',(#3254),#3258);
#3254 = LINE('',#3255,#3256);
#3255 = CARTESIAN_POINT('',(0.,0.));
#3256 = VECTOR('',#3257,1.);
#3257 = DIRECTION('',(1.,0.));
#3258 = ( GEOMETRIC_REPRESENTATION_CONTEXT(2) 
PARAMETRIC_REPRESENTATION_CONTEXT() REPRESENTATION_CONTEXT('2D SPACE',''
  ) );
#3259 = ORIENTED_EDGE('',*,*,#1937,.F.);
#3260 = ADVANCED_FACE('',(#3261),#2189,.T.);
#3261 = FACE_BOUND('',#3262,.T.);
#3262 = EDGE_LOOP('',(#3263,#3283,#3304,#3324));
#3263 = ORIENTED_EDGE('',*,*,#3264,.T.);
#3264 = EDGE_CURVE('',#2174,#2635,#3265,.T.);
#3265 = SURFACE_CURVE('',#3266,(#3271,#3277),.PCURVE_S1.);
#3266 = CIRCLE('',#3267,1.5);
#3267 = AXIS2_PLACEMENT_3D('',#3268,#3269,#3270);
#3268 = CARTESIAN_POINT('',(38.5,1.5,1.5));
#3269 = DIRECTION('',(6.123233995737E-17,0.,1.));
#3270 = DIRECTION('',(1.,0.,-6.123233995737E-17));
#3271 = PCURVE('',#2189,#3272);
#3272 = DEFINITIONAL_REPRESENTATION('',(#3273),#3276);
#3273 = B_SPLINE_CURVE_WITH_KNOTS('',1,(#3274,#3275),.UNSPECIFIED.,.F.,
  .F.,(2,2),(4.712388980385,6.28318530718),.PIECEWISE_BEZIER_KNOTS.);
#3274 = CARTESIAN_POINT('',(0.,1.5));
#3275 = CARTESIAN_POINT('',(1.570796326795,1.5));
#3276 = ( GEOMETRIC_REPRESENTATION_CONTEXT(2) 
PARAMETRIC_REPRESENTATION_CONTEXT() REPRESENTATION_CONTEXT('2D SPACE',''
  ) );
#3277 = PCURVE('',#2618,#3278);
#3278 = DEFINITIONAL_REPRESENTATION('',(#3279),#3282);
#3279 = B_SPLINE_CURVE_WITH_KNOTS('',1,(#3280,#3281),.UNSPECIFIED.,.F.,
  .F.,(2,2),(4.712388980385,6.28318530718),.PIECEWISE_BEZIER_KNOTS.);
#3280 = CARTESIAN_POINT('',(-1.570796326795,-1.570796326795));
#3281 = CARTESIAN_POINT('',(-1.570796326795,0.));
#3282 = ( GEOMETRIC_REPRESENTATION_CONTEXT(2) 
PARAMETRIC_REPRESENTATION_CONTEXT() REPRESENTATION_CONTEXT('2D SPACE',''
  ) );
#3283 = ORIENTED_EDGE('',*,*,#3284,.T.);
#3284 = EDGE_CURVE('',#2635,#3089,#3285,.T.);
#3285 = SURFACE_CURVE('',#3286,(#3290,#3297),.PCURVE_S1.);
#3286 = LINE('',#3287,#3288);
#3287 = CARTESIAN_POINT('',(40.,1.5,0.));
#3288 = VECTOR('',#3289,1.);
#3289 = DIRECTION('',(0.,0.,1.));
#3290 = PCURVE('',#2189,#3291);
#3291 = DEFINITIONAL_REPRESENTATION('',(#3292),#3296);
#3292 = LINE('',#3293,#3294);
#3293 = CARTESIAN_POINT('',(1.570796326795,0.));
#3294 = VECTOR('',#3295,1.);
#3295 = DIRECTION('',(0.,1.));
#3296 = ( GEOMETRIC_REPRESENTATION_CONTEXT(2) 
PARAMETRIC_REPRESENTATION_CONTEXT() REPRESENTATION_CONTEXT('2D SPACE',''
  ) );
#3297 = PCURVE('',#2674,#3298);
#3298 = DEFINITIONAL_REPRESENTATION('',(#3299),#3303);
#3299 = LINE('',#3300,#3301);
#3300 = CARTESIAN_POINT('',(0.,-1.5));
#3301 = VECTOR('',#3302,1.);
#3302 = DIRECTION('',(1.,0.));
#3303 = ( GEOMETRIC_REPRESENTATION_CONTEXT(2) 
PARAMETRIC_REPRESENTATION_CONTEXT() REPRESENTATION_CONTEXT('2D SPACE',''
  ) );
#3304 = ORIENTED_EDGE('',*,*,#3305,.F.);
#3305 = EDGE_CURVE('',#2151,#3089,#3306,.T.);
#3306 = SURFACE_CURVE('',#3307,(#3312,#3318),.PCURVE_S1.);
#3307 = CIRCLE('',#3308,1.5);
#3308 = AXIS2_PLACEMENT_3D('',#3309,#3310,#3311);
#3309 = CARTESIAN_POINT('',(38.5,1.5,3.5));
#3310 = DIRECTION('',(-6.123233995737E-17,-0.,1.));
#3311 = DIRECTION('',(1.,0.,6.123233995737E-17));
#3312 = PCURVE('',#2189,#3313);
#3313 = DEFINITIONAL_REPRESENTATION('',(#3314),#3317);
#3314 = B_SPLINE_CURVE_WITH_KNOTS('',1,(#3315,#3316),.UNSPECIFIED.,.F.,
  .F.,(2,2),(4.712388980385,6.28318530718),.PIECEWISE_BEZIER_KNOTS.);
#3315 = CARTESIAN_POINT('',(0.,3.5));
#3316 = CARTESIAN_POINT('',(1.570796326795,3.5));
#3317 = ( GEOMETRIC_REPRESENTATION_CONTEXT(2) 
PARAMETRIC_REPRESENTATION_CONTEXT() REPRESENTATION_CONTEXT('2D SPACE',''
  ) );
#3318 = PCURVE('',#2853,#3319);
#3319 = DEFINITIONAL_REPRESENTATION('',(#3320),#3323);
#3320 = B_SPLINE_CURVE_WITH_KNOTS('',1,(#3321,#3322),.UNSPECIFIED.,.F.,
  .F.,(2,2),(4.712388980385,6.28318530718),.PIECEWISE_BEZIER_KNOTS.);
#3321 = CARTESIAN_POINT('',(1.570796326795,-1.570796326795));
#3322 = CARTESIAN_POINT('',(1.570796326795,0.));
#3323 = ( GEOMETRIC_REPRESENTATION_CONTEXT(2) 
PARAMETRIC_REPRESENTATION_CONTEXT() REPRESENTATION_CONTEXT('2D SPACE',''
  ) );
#3324 = ORIENTED_EDGE('',*,*,#2173,.F.);
#3325 = ADVANCED_FACE('',(#3326),#2243,.T.);
#3326 = FACE_BOUND('',#3327,.F.);
#3327 = EDGE_LOOP('',(#3328,#3329,#3330));
#3328 = ORIENTED_EDGE('',*,*,#2227,.F.);
#3329 = ORIENTED_EDGE('',*,*,#2331,.T.);
#3330 = ORIENTED_EDGE('',*,*,#3331,.F.);
#3331 = EDGE_CURVE('',#2228,#2332,#3332,.T.);
#3332 = SURFACE_CURVE('',#3333,(#3338,#3345),.PCURVE_S1.);
#3333 = CIRCLE('',#3334,1.5);
#3334 = AXIS2_PLACEMENT_3D('',#3335,#3336,#3337);
#3335 = CARTESIAN_POINT('',(1.5,3.5,26.5));
#3336 = DIRECTION('',(-1.,0.,0.));
#3337 = DIRECTION('',(0.,-1.,0.));
#3338 = PCURVE('',#2243,#3339);
#3339 = DEFINITIONAL_REPRESENTATION('',(#3340),#3344);
#3340 = LINE('',#3341,#3342);
#3341 = CARTESIAN_POINT('',(-0.,0.));
#3342 = VECTOR('',#3343,1.);
#3343 = DIRECTION('',(-1.,0.));
#3344 = ( GEOMETRIC_REPRESENTATION_CONTEXT(2) 
PARAMETRIC_REPRESENTATION_CONTEXT() REPRESENTATION_CONTEXT('2D SPACE',''
  ) );
#3345 = PCURVE('',#2886,#3346);
#3346 = DEFINITIONAL_REPRESENTATION('',(#3347),#3351);
#3347 = LINE('',#3348,#3349);
#3348 = CARTESIAN_POINT('',(-0.,1.5));
#3349 = VECTOR('',#3350,1.);
#3350 = DIRECTION('',(-1.,0.));
#3351 = ( GEOMETRIC_REPRESENTATION_CONTEXT(2) 
PARAMETRIC_REPRESENTATION_CONTEXT() REPRESENTATION_CONTEXT('2D SPACE',''
  ) );
#3352 = ADVANCED_FACE('',(#3353),#2296,.T.);
#3353 = FACE_BOUND('',#3354,.T.);
#3354 = EDGE_LOOP('',(#3355,#3356,#3357));
#3355 = ORIENTED_EDGE('',*,*,#2280,.F.);
#3356 = ORIENTED_EDGE('',*,*,#2381,.T.);
#3357 = ORIENTED_EDGE('',*,*,#3358,.F.);
#3358 = EDGE_CURVE('',#2281,#2354,#3359,.T.);
#3359 = SURFACE_CURVE('',#3360,(#3365,#3372),.PCURVE_S1.);
#3360 = CIRCLE('',#3361,1.5);
#3361 = AXIS2_PLACEMENT_3D('',#3362,#3363,#3364);
#3362 = CARTESIAN_POINT('',(1.5,30.5,26.5));
#3363 = DIRECTION('',(1.,0.,-0.));
#3364 = DIRECTION('',(0.,1.,0.));
#3365 = PCURVE('',#2296,#3366);
#3366 = DEFINITIONAL_REPRESENTATION('',(#3367),#3371);
#3367 = LINE('',#3368,#3369);
#3368 = CARTESIAN_POINT('',(0.,0.));
#3369 = VECTOR('',#3370,1.);
#3370 = DIRECTION('',(1.,0.));
#3371 = ( GEOMETRIC_REPRESENTATION_CONTEXT(2) 
PARAMETRIC_REPRESENTATION_CONTEXT() REPRESENTATION_CONTEXT('2D SPACE',''
  ) );
#3372 = PCURVE('',#3179,#3373);
#3373 = DEFINITIONAL_REPRESENTATION('',(#3374),#3378);
#3374 = LINE('',#3375,#3376);
#3375 = CARTESIAN_POINT('',(0.,1.5));
#3376 = VECTOR('',#3377,1.);
#3377 = DIRECTION('',(1.,0.));
#3378 = ( GEOMETRIC_REPRESENTATION_CONTEXT(2) 
PARAMETRIC_REPRESENTATION_CONTEXT() REPRESENTATION_CONTEXT('2D SPACE',''
  ) );
#3379 = ADVANCED_FACE('',(#3380),#2369,.T.);
#3380 = FACE_BOUND('',#3381,.T.);
#3381 = EDGE_LOOP('',(#3382,#3405,#3428,#3449));
#3382 = ORIENTED_EDGE('',*,*,#3383,.T.);
#3383 = EDGE_CURVE('',#2332,#3384,#3386,.T.);
#3384 = VERTEX_POINT('',#3385);
#3385 = CARTESIAN_POINT('',(3.5,3.5,28.));
#3386 = SURFACE_CURVE('',#3387,(#3391,#3398),.PCURVE_S1.);
#3387 = LINE('',#3388,#3389);
#3388 = CARTESIAN_POINT('',(0.,3.5,28.));
#3389 = VECTOR('',#3390,1.);
#3390 = DIRECTION('',(1.,0.,-0.));
#3391 = PCURVE('',#2369,#3392);
#3392 = DEFINITIONAL_REPRESENTATION('',(#3393),#3397);
#3393 = LINE('',#3394,#3395);
#3394 = CARTESIAN_POINT('',(0.,1.5));
#3395 = VECTOR('',#3396,1.);
#3396 = DIRECTION('',(1.,0.));
#3397 = ( GEOMETRIC_REPRESENTATION_CONTEXT(2) 
PARAMETRIC_REPRESENTATION_CONTEXT() REPRESENTATION_CONTEXT('2D SPACE',''
  ) );
#3398 = PCURVE('',#2886,#3399);
#3399 = DEFINITIONAL_REPRESENTATION('',(#3400),#3404);
#3400 = LINE('',#3401,#3402);
#3401 = CARTESIAN_POINT('',(-1.570796326795,0.));
#3402 = VECTOR('',#3403,1.);
#3403 = DIRECTION('',(-0.,1.));
#3404 = ( GEOMETRIC_REPRESENTATION_CONTEXT(2) 
PARAMETRIC_REPRESENTATION_CONTEXT() REPRESENTATION_CONTEXT('2D SPACE',''
  ) );
#3405 = ORIENTED_EDGE('',*,*,#3406,.T.);
#3406 = EDGE_CURVE('',#3384,#3407,#3409,.T.);
#3407 = VERTEX_POINT('',#3408);
#3408 = CARTESIAN_POINT('',(3.5,30.5,28.));
#3409 = SURFACE_CURVE('',#3410,(#3414,#3421),.PCURVE_S1.);
#3410 = LINE('',#3411,#3412);
#3411 = CARTESIAN_POINT('',(3.5,2.,28.));
#3412 = VECTOR('',#3413,1.);
#3413 = DIRECTION('',(-0.,1.,0.));
#3414 = PCURVE('',#2369,#3415);
#3415 = DEFINITIONAL_REPRESENTATION('',(#3416),#3420);
#3416 = LINE('',#3417,#3418);
#3417 = CARTESIAN_POINT('',(3.5,0.));
#3418 = VECTOR('',#3419,1.);
#3419 = DIRECTION('',(0.,1.));
#3420 = ( GEOMETRIC_REPRESENTATION_CONTEXT(2) 
PARAMETRIC_REPRESENTATION_CONTEXT() REPRESENTATION_CONTEXT('2D SPACE',''
  ) );
#3421 = PCURVE('',#3015,#3422);
#3422 = DEFINITIONAL_REPRESENTATION('',(#3423),#3427);
#3423 = LINE('',#3424,#3425);
#3424 = CARTESIAN_POINT('',(-1.570796326795,0.));
#3425 = VECTOR('',#3426,1.);
#3426 = DIRECTION('',(-0.,1.));
#3427 = ( GEOMETRIC_REPRESENTATION_CONTEXT(2) 
PARAMETRIC_REPRESENTATION_CONTEXT() REPRESENTATION_CONTEXT('2D SPACE',''
  ) );
#3428 = ORIENTED_EDGE('',*,*,#3429,.F.);
#3429 = EDGE_CURVE('',#2354,#3407,#3430,.T.);
#3430 = SURFACE_CURVE('',#3431,(#3435,#3442),.PCURVE_S1.);
#3431 = LINE('',#3432,#3433);
#3432 = CARTESIAN_POINT('',(0.,30.5,28.));
#3433 = VECTOR('',#3434,1.);
#3434 = DIRECTION('',(1.,0.,-0.));
#3435 = PCURVE('',#2369,#3436);
#3436 = DEFINITIONAL_REPRESENTATION('',(#3437),#3441);
#3437 = LINE('',#3438,#3439);
#3438 = CARTESIAN_POINT('',(0.,28.5));
#3439 = VECTOR('',#3440,1.);
#3440 = DIRECTION('',(1.,0.));
#3441 = ( GEOMETRIC_REPRESENTATION_CONTEXT(2) 
PARAMETRIC_REPRESENTATION_CONTEXT() REPRESENTATION_CONTEXT('2D SPACE',''
  ) );
#3442 = PCURVE('',#3179,#3443);
#3443 = DEFINITIONAL_REPRESENTATION('',(#3444),#3448);
#3444 = LINE('',#3445,#3446);
#3445 = CARTESIAN_POINT('',(1.570796326795,0.));
#3446 = VECTOR('',#3447,1.);
#3447 = DIRECTION('',(0.,1.));
#3448 = ( GEOMETRIC_REPRESENTATION_CONTEXT(2) 
PARAMETRIC_REPRESENTATION_CONTEXT() REPRESENTATION_CONTEXT('2D SPACE',''
  ) );
#3449 = ORIENTED_EDGE('',*,*,#2353,.F.);
#3450 = ADVANCED_FACE('',(#3451),#2472,.T.);
#3451 = FACE_BOUND('',#3452,.T.);
#3452 = EDGE_LOOP('',(#3453,#3454,#3455));
#3453 = ORIENTED_EDGE('',*,*,#3195,.F.);
#3454 = ORIENTED_EDGE('',*,*,#2571,.T.);
#3455 = ORIENTED_EDGE('',*,*,#2457,.F.);
#3456 = ADVANCED_FACE('',(#3457),#2505,.T.);
#3457 = FACE_BOUND('',#3458,.F.);
#3458 = EDGE_LOOP('',(#3459,#3460,#3461));
#3459 = ORIENTED_EDGE('',*,*,#2714,.F.);
#3460 = ORIENTED_EDGE('',*,*,#2521,.T.);
#3461 = ORIENTED_EDGE('',*,*,#2490,.F.);
#3462 = ADVANCED_FACE('',(#3463),#2559,.T.);
#3463 = FACE_BOUND('',#3464,.T.);
#3464 = EDGE_LOOP('',(#3465,#3466,#3492,#3493));
#3465 = ORIENTED_EDGE('',*,*,#3215,.T.);
#3466 = ORIENTED_EDGE('',*,*,#3467,.F.);
#3467 = EDGE_CURVE('',#2735,#3216,#3468,.T.);
#3468 = SURFACE_CURVE('',#3469,(#3473,#3480),.PCURVE_S1.);
#3469 = LINE('',#3470,#3471);
#3470 = CARTESIAN_POINT('',(38.5,34.,0.));
#3471 = VECTOR('',#3472,1.);
#3472 = DIRECTION('',(0.,0.,1.));
#3473 = PCURVE('',#2559,#3474);
#3474 = DEFINITIONAL_REPRESENTATION('',(#3475),#3479);
#3475 = LINE('',#3476,#3477);
#3476 = CARTESIAN_POINT('',(0.,38.5));
#3477 = VECTOR('',#3478,1.);
#3478 = DIRECTION('',(1.,0.));
#3479 = ( GEOMETRIC_REPRESENTATION_CONTEXT(2) 
PARAMETRIC_REPRESENTATION_CONTEXT() REPRESENTATION_CONTEXT('2D SPACE',''
  ) );
#3480 = PCURVE('',#3481,#3486);
#3481 = CYLINDRICAL_SURFACE('',#3482,1.5);
#3482 = AXIS2_PLACEMENT_3D('',#3483,#3484,#3485);
#3483 = CARTESIAN_POINT('',(38.5,32.5,0.));
#3484 = DIRECTION('',(0.,0.,1.));
#3485 = DIRECTION('',(-0.,1.,0.));
#3486 = DEFINITIONAL_REPRESENTATION('',(#3487),#3491);
#3487 = LINE('',#3488,#3489);
#3488 = CARTESIAN_POINT('',(-0.,0.));
#3489 = VECTOR('',#3490,1.);
#3490 = DIRECTION('',(-0.,1.));
#3491 = ( GEOMETRIC_REPRESENTATION_CONTEXT(2) 
PARAMETRIC_REPRESENTATION_CONTEXT() REPRESENTATION_CONTEXT('2D SPACE',''
  ) );
#3492 = ORIENTED_EDGE('',*,*,#2734,.F.);
#3493 = ORIENTED_EDGE('',*,*,#2543,.T.);
#3494 = ADVANCED_FACE('',(#3495),#2618,.T.);
#3495 = FACE_BOUND('',#3496,.F.);
#3496 = EDGE_LOOP('',(#3497,#3498,#3499));
#3497 = ORIENTED_EDGE('',*,*,#2604,.F.);
#3498 = ORIENTED_EDGE('',*,*,#3264,.T.);
#3499 = ORIENTED_EDGE('',*,*,#2634,.F.);
#3500 = ADVANCED_FACE('',(#3501),#2700,.T.);
#3501 = FACE_BOUND('',#3502,.F.);
#3502 = EDGE_LOOP('',(#3503,#3504,#3524));
#3503 = ORIENTED_EDGE('',*,*,#2686,.F.);
#3504 = ORIENTED_EDGE('',*,*,#3505,.T.);
#3505 = EDGE_CURVE('',#2659,#2735,#3506,.T.);
#3506 = SURFACE_CURVE('',#3507,(#3512,#3518),.PCURVE_S1.);
#3507 = CIRCLE('',#3508,1.5);
#3508 = AXIS2_PLACEMENT_3D('',#3509,#3510,#3511);
#3509 = CARTESIAN_POINT('',(38.5,32.5,1.5));
#3510 = DIRECTION('',(0.,6.123233995737E-17,1.));
#3511 = DIRECTION('',(-0.,1.,-6.123233995737E-17));
#3512 = PCURVE('',#2700,#3513);
#3513 = DEFINITIONAL_REPRESENTATION('',(#3514),#3517);
#3514 = B_SPLINE_CURVE_WITH_KNOTS('',1,(#3515,#3516),.UNSPECIFIED.,.F.,
  .F.,(2,2),(4.712388980385,6.28318530718),.PIECEWISE_BEZIER_KNOTS.);
#3515 = CARTESIAN_POINT('',(-1.570796326795,-1.570796326795));
#3516 = CARTESIAN_POINT('',(-1.570796326795,0.));
#3517 = ( GEOMETRIC_REPRESENTATION_CONTEXT(2) 
PARAMETRIC_REPRESENTATION_CONTEXT() REPRESENTATION_CONTEXT('2D SPACE',''
  ) );
#3518 = PCURVE('',#3481,#3519);
#3519 = DEFINITIONAL_REPRESENTATION('',(#3520),#3523);
#3520 = B_SPLINE_CURVE_WITH_KNOTS('',1,(#3521,#3522),.UNSPECIFIED.,.F.,
  .F.,(2,2),(4.712388980385,6.28318530718),.PIECEWISE_BEZIER_KNOTS.);
#3521 = CARTESIAN_POINT('',(-1.570796326795,1.5));
#3522 = CARTESIAN_POINT('',(0.,1.5));
#3523 = ( GEOMETRIC_REPRESENTATION_CONTEXT(2) 
PARAMETRIC_REPRESENTATION_CONTEXT() REPRESENTATION_CONTEXT('2D SPACE',''
  ) );
#3524 = ORIENTED_EDGE('',*,*,#2757,.F.);
#3525 = ADVANCED_FACE('',(#3526),#2674,.T.);
#3526 = FACE_BOUND('',#3527,.T.);
#3527 = EDGE_LOOP('',(#3528,#3529,#3530,#3531));
#3528 = ORIENTED_EDGE('',*,*,#3112,.F.);
#3529 = ORIENTED_EDGE('',*,*,#3284,.F.);
#3530 = ORIENTED_EDGE('',*,*,#2658,.T.);
#3531 = ORIENTED_EDGE('',*,*,#3532,.T.);
#3532 = EDGE_CURVE('',#2659,#3113,#3533,.T.);
#3533 = SURFACE_CURVE('',#3534,(#3538,#3545),.PCURVE_S1.);
#3534 = LINE('',#3535,#3536);
#3535 = CARTESIAN_POINT('',(40.,32.5,0.));
#3536 = VECTOR('',#3537,1.);
#3537 = DIRECTION('',(0.,0.,1.));
#3538 = PCURVE('',#2674,#3539);
#3539 = DEFINITIONAL_REPRESENTATION('',(#3540),#3544);
#3540 = LINE('',#3541,#3542);
#3541 = CARTESIAN_POINT('',(0.,-32.5));
#3542 = VECTOR('',#3543,1.);
#3543 = DIRECTION('',(1.,0.));
#3544 = ( GEOMETRIC_REPRESENTATION_CONTEXT(2) 
PARAMETRIC_REPRESENTATION_CONTEXT() REPRESENTATION_CONTEXT('2D SPACE',''
  ) );
#3545 = PCURVE('',#3481,#3546);
#3546 = DEFINITIONAL_REPRESENTATION('',(#3547),#3551);
#3547 = LINE('',#3548,#3549);
#3548 = CARTESIAN_POINT('',(-1.570796326795,0.));
#3549 = VECTOR('',#3550,1.);
#3550 = DIRECTION('',(-0.,1.));
#3551 = ( GEOMETRIC_REPRESENTATION_CONTEXT(2) 
PARAMETRIC_REPRESENTATION_CONTEXT() REPRESENTATION_CONTEXT('2D SPACE',''
  ) );
#3552 = ADVANCED_FACE('',(#3553),#2853,.T.);
#3553 = FACE_BOUND('',#3554,.T.);
#3554 = EDGE_LOOP('',(#3555,#3556,#3557));
#3555 = ORIENTED_EDGE('',*,*,#2839,.F.);
#3556 = ORIENTED_EDGE('',*,*,#3305,.T.);
#3557 = ORIENTED_EDGE('',*,*,#3088,.F.);
#3558 = ADVANCED_FACE('',(#3559),#2886,.T.);
#3559 = FACE_BOUND('',#3560,.F.);
#3560 = EDGE_LOOP('',(#3561,#3562,#3563,#3564));
#3561 = ORIENTED_EDGE('',*,*,#2870,.F.);
#3562 = ORIENTED_EDGE('',*,*,#3331,.T.);
#3563 = ORIENTED_EDGE('',*,*,#3383,.T.);
#3564 = ORIENTED_EDGE('',*,*,#3565,.T.);
#3565 = EDGE_CURVE('',#3384,#2871,#3566,.T.);
#3566 = SURFACE_CURVE('',#3567,(#3572,#3578),.PCURVE_S1.);
#3567 = CIRCLE('',#3568,1.5);
#3568 = AXIS2_PLACEMENT_3D('',#3569,#3570,#3571);
#3569 = CARTESIAN_POINT('',(3.5,3.5,26.5));
#3570 = DIRECTION('',(1.,0.,0.));
#3571 = DIRECTION('',(0.,-1.,0.));
#3572 = PCURVE('',#2886,#3573);
#3573 = DEFINITIONAL_REPRESENTATION('',(#3574),#3577);
#3574 = B_SPLINE_CURVE_WITH_KNOTS('',1,(#3575,#3576),.UNSPECIFIED.,.F.,
  .F.,(2,2),(4.712388980385,6.28318530718),.PIECEWISE_BEZIER_KNOTS.);
#3575 = CARTESIAN_POINT('',(-1.570796326795,3.5));
#3576 = CARTESIAN_POINT('',(0.,3.5));
#3577 = ( GEOMETRIC_REPRESENTATION_CONTEXT(2) 
PARAMETRIC_REPRESENTATION_CONTEXT() REPRESENTATION_CONTEXT('2D SPACE',''
  ) );
#3578 = PCURVE('',#2961,#3579);
#3579 = DEFINITIONAL_REPRESENTATION('',(#3580),#3583);
#3580 = B_SPLINE_CURVE_WITH_KNOTS('',1,(#3581,#3582),.UNSPECIFIED.,.F.,
  .F.,(2,2),(4.712388980385,6.28318530718),.PIECEWISE_BEZIER_KNOTS.);
#3581 = CARTESIAN_POINT('',(0.,-1.570796326795));
#3582 = CARTESIAN_POINT('',(0.,0.));
#3583 = ( GEOMETRIC_REPRESENTATION_CONTEXT(2) 
PARAMETRIC_REPRESENTATION_CONTEXT() REPRESENTATION_CONTEXT('2D SPACE',''
  ) );
#3584 = ADVANCED_FACE('',(#3585),#2961,.T.);
#3585 = FACE_BOUND('',#3586,.F.);
#3586 = EDGE_LOOP('',(#3587,#3588,#3608));
#3587 = ORIENTED_EDGE('',*,*,#3565,.F.);
#3588 = ORIENTED_EDGE('',*,*,#3589,.T.);
#3589 = EDGE_CURVE('',#3384,#2924,#3590,.T.);
#3590 = SURFACE_CURVE('',#3591,(#3596,#3602),.PCURVE_S1.);
#3591 = CIRCLE('',#3592,1.5);
#3592 = AXIS2_PLACEMENT_3D('',#3593,#3594,#3595);
#3593 = CARTESIAN_POINT('',(3.5,3.5,26.5));
#3594 = DIRECTION('',(6.123233995737E-17,1.,0.));
#3595 = DIRECTION('',(1.,-6.123233995737E-17,0.));
#3596 = PCURVE('',#2961,#3597);
#3597 = DEFINITIONAL_REPRESENTATION('',(#3598),#3601);
#3598 = B_SPLINE_CURVE_WITH_KNOTS('',1,(#3599,#3600),.UNSPECIFIED.,.F.,
  .F.,(2,2),(4.712388980385,6.28318530718),.PIECEWISE_BEZIER_KNOTS.);
#3599 = CARTESIAN_POINT('',(-1.570796326795,-1.570796326795));
#3600 = CARTESIAN_POINT('',(-1.570796326795,0.));
#3601 = ( GEOMETRIC_REPRESENTATION_CONTEXT(2) 
PARAMETRIC_REPRESENTATION_CONTEXT() REPRESENTATION_CONTEXT('2D SPACE',''
  ) );
#3602 = PCURVE('',#3015,#3603);
#3603 = DEFINITIONAL_REPRESENTATION('',(#3604),#3607);
#3604 = B_SPLINE_CURVE_WITH_KNOTS('',1,(#3605,#3606),.UNSPECIFIED.,.F.,
  .F.,(2,2),(4.712388980385,6.28318530718),.PIECEWISE_BEZIER_KNOTS.);
#3605 = CARTESIAN_POINT('',(-1.570796326795,1.5));
#3606 = CARTESIAN_POINT('',(0.,1.5));
#3607 = ( GEOMETRIC_REPRESENTATION_CONTEXT(2) 
PARAMETRIC_REPRESENTATION_CONTEXT() REPRESENTATION_CONTEXT('2D SPACE',''
  ) );
#3608 = ORIENTED_EDGE('',*,*,#2946,.F.);
#3609 = ADVANCED_FACE('',(#3610),#3015,.T.);
#3610 = FACE_BOUND('',#3611,.F.);
#3611 = EDGE_LOOP('',(#3612,#3613,#3614,#3636));
#3612 = ORIENTED_EDGE('',*,*,#3589,.F.);
#3613 = ORIENTED_EDGE('',*,*,#3406,.T.);
#3614 = ORIENTED_EDGE('',*,*,#3615,.F.);
#3615 = EDGE_CURVE('',#2979,#3407,#3616,.T.);
#3616 = SURFACE_CURVE('',#3617,(#3622,#3629),.PCURVE_S1.);
#3617 = CIRCLE('',#3618,1.5);
#3618 = AXIS2_PLACEMENT_3D('',#3619,#3620,#3621);
#3619 = CARTESIAN_POINT('',(3.5,30.5,26.5));
#3620 = DIRECTION('',(0.,-1.,-0.));
#3621 = DIRECTION('',(1.,0.,0.));
#3622 = PCURVE('',#3015,#3623);
#3623 = DEFINITIONAL_REPRESENTATION('',(#3624),#3628);
#3624 = LINE('',#3625,#3626);
#3625 = CARTESIAN_POINT('',(-0.,28.5));
#3626 = VECTOR('',#3627,1.);
#3627 = DIRECTION('',(-1.,0.));
#3628 = ( GEOMETRIC_REPRESENTATION_CONTEXT(2) 
PARAMETRIC_REPRESENTATION_CONTEXT() REPRESENTATION_CONTEXT('2D SPACE',''
  ) );
#3629 = PCURVE('',#3072,#3630);
#3630 = DEFINITIONAL_REPRESENTATION('',(#3631),#3635);
#3631 = LINE('',#3632,#3633);
#3632 = CARTESIAN_POINT('',(0.,0.));
#3633 = VECTOR('',#3634,1.);
#3634 = DIRECTION('',(1.,0.));
#3635 = ( GEOMETRIC_REPRESENTATION_CONTEXT(2) 
PARAMETRIC_REPRESENTATION_CONTEXT() REPRESENTATION_CONTEXT('2D SPACE',''
  ) );
#3636 = ORIENTED_EDGE('',*,*,#3001,.F.);
#3637 = ADVANCED_FACE('',(#3638),#3072,.T.);
#3638 = FACE_BOUND('',#3639,.T.);
#3639 = EDGE_LOOP('',(#3640,#3641,#3661));
#3640 = ORIENTED_EDGE('',*,*,#3058,.F.);
#3641 = ORIENTED_EDGE('',*,*,#3642,.T.);
#3642 = EDGE_CURVE('',#3036,#3407,#3643,.T.);
#3643 = SURFACE_CURVE('',#3644,(#3649,#3655),.PCURVE_S1.);
#3644 = CIRCLE('',#3645,1.5);
#3645 = AXIS2_PLACEMENT_3D('',#3646,#3647,#3648);
#3646 = CARTESIAN_POINT('',(3.5,30.5,26.5));
#3647 = DIRECTION('',(1.,0.,-6.123233995737E-17));
#3648 = DIRECTION('',(6.123233995737E-17,0.,1.));
#3649 = PCURVE('',#3072,#3650);
#3650 = DEFINITIONAL_REPRESENTATION('',(#3651),#3654);
#3651 = B_SPLINE_CURVE_WITH_KNOTS('',1,(#3652,#3653),.UNSPECIFIED.,.F.,
  .F.,(2,2),(4.712388980385,6.28318530718),.PIECEWISE_BEZIER_KNOTS.);
#3652 = CARTESIAN_POINT('',(1.570796326795,-1.570796326795));
#3653 = CARTESIAN_POINT('',(1.570796326795,0.));
#3654 = ( GEOMETRIC_REPRESENTATION_CONTEXT(2) 
PARAMETRIC_REPRESENTATION_CONTEXT() REPRESENTATION_CONTEXT('2D SPACE',''
  ) );
#3655 = PCURVE('',#3179,#3656);
#3656 = DEFINITIONAL_REPRESENTATION('',(#3657),#3660);
#3657 = B_SPLINE_CURVE_WITH_KNOTS('',1,(#3658,#3659),.UNSPECIFIED.,.F.,
  .F.,(2,2),(4.712388980385,6.28318530718),.PIECEWISE_BEZIER_KNOTS.);
#3658 = CARTESIAN_POINT('',(0.,3.5));
#3659 = CARTESIAN_POINT('',(1.570796326795,3.5));
#3660 = ( GEOMETRIC_REPRESENTATION_CONTEXT(2) 
PARAMETRIC_REPRESENTATION_CONTEXT() REPRESENTATION_CONTEXT('2D SPACE',''
  ) );
#3661 = ORIENTED_EDGE('',*,*,#3615,.F.);
#3662 = ADVANCED_FACE('',(#3663),#3149,.T.);
#3663 = FACE_BOUND('',#3664,.T.);
#3664 = EDGE_LOOP('',(#3665,#3666,#3686));
#3665 = ORIENTED_EDGE('',*,*,#3135,.F.);
#3666 = ORIENTED_EDGE('',*,*,#3667,.T.);
#3667 = EDGE_CURVE('',#3113,#3216,#3668,.T.);
#3668 = SURFACE_CURVE('',#3669,(#3674,#3680),.PCURVE_S1.);
#3669 = CIRCLE('',#3670,1.5);
#3670 = AXIS2_PLACEMENT_3D('',#3671,#3672,#3673);
#3671 = CARTESIAN_POINT('',(38.5,32.5,3.5));
#3672 = DIRECTION('',(0.,-6.123233995737E-17,1.));
#3673 = DIRECTION('',(0.,1.,6.123233995737E-17));
#3674 = PCURVE('',#3149,#3675);
#3675 = DEFINITIONAL_REPRESENTATION('',(#3676),#3679);
#3676 = B_SPLINE_CURVE_WITH_KNOTS('',1,(#3677,#3678),.UNSPECIFIED.,.F.,
  .F.,(2,2),(4.712388980385,6.28318530718),.PIECEWISE_BEZIER_KNOTS.);
#3677 = CARTESIAN_POINT('',(1.570796326795,-1.570796326795));
#3678 = CARTESIAN_POINT('',(1.570796326795,0.));
#3679 = ( GEOMETRIC_REPRESENTATION_CONTEXT(2) 
PARAMETRIC_REPRESENTATION_CONTEXT() REPRESENTATION_CONTEXT('2D SPACE',''
  ) );
#3680 = PCURVE('',#3481,#3681);
#3681 = DEFINITIONAL_REPRESENTATION('',(#3682),#3685);
#3682 = B_SPLINE_CURVE_WITH_KNOTS('',1,(#3683,#3684),.UNSPECIFIED.,.F.,
  .F.,(2,2),(4.712388980385,6.28318530718),.PIECEWISE_BEZIER_KNOTS.);
#3683 = CARTESIAN_POINT('',(-1.570796326795,3.5));
#3684 = CARTESIAN_POINT('',(0.,3.5));
#3685 = ( GEOMETRIC_REPRESENTATION_CONTEXT(2) 
PARAMETRIC_REPRESENTATION_CONTEXT() REPRESENTATION_CONTEXT('2D SPACE',''
  ) );
#3686 = ORIENTED_EDGE('',*,*,#3238,.F.);
#3687 = ADVANCED_FACE('',(#3688),#3179,.T.);
#3688 = FACE_BOUND('',#3689,.T.);
#3689 = EDGE_LOOP('',(#3690,#3691,#3692,#3693));
#3690 = ORIENTED_EDGE('',*,*,#3165,.F.);
#3691 = ORIENTED_EDGE('',*,*,#3358,.T.);
#3692 = ORIENTED_EDGE('',*,*,#3429,.T.);
#3693 = ORIENTED_EDGE('',*,*,#3642,.F.);
#3694 = ADVANCED_FACE('',(#3695),#3481,.T.);
#3695 = FACE_BOUND('',#3696,.F.);
#3696 = EDGE_LOOP('',(#3697,#3698,#3699,#3700));
#3697 = ORIENTED_EDGE('',*,*,#3505,.F.);
#3698 = ORIENTED_EDGE('',*,*,#3532,.T.);
#3699 = ORIENTED_EDGE('',*,*,#3667,.T.);
#3700 = ORIENTED_EDGE('',*,*,#3467,.F.);
#3701 = ( GEOMETRIC_REPRESENTATION_CONTEXT(3) 
GLOBAL_UNCERTAINTY_ASSIGNED_CONTEXT((#3705)) 
GLOBAL_UNIT_ASSIGNED_CONTEXT((#3702,#3703,#3704)) REPRESENTATION_CONTEXT
('Context #1','3D Context with UNIT and UNCERTAINTY') );
#3702 = ( LENGTH_UNIT() NAMED_UNIT(*) SI_UNIT(.MILLI.,.METRE.) );
#3703 = ( NAMED_UNIT(*) PLANE_ANGLE_UNIT() SI_UNIT($,.RADIAN.) );
#3704 = ( NAMED_UNIT(*) SI_UNIT($,.STERADIAN.) SOLID_ANGLE_UNIT() );
#3705 = UNCERTAINTY_MEASURE_WITH_UNIT(LENGTH_MEASURE(0.1),#3702,
  'distance_accuracy_value','confusion accuracy');
#3706 = PRODUCT_RELATED_PRODUCT_CATEGORY('part',$,(#7));
ENDSEC;
END-ISO-10303-21;
